Identificador Único,Nome,E-mail,Telefone,Endereço,Data Cadastro
122A6B39-CC4C-DB84-992A-ED949E85CD7E,Shoshana Trevino,nibh@google.ca,(55) 27033-3331,Dis Parturient Montes Ltd,2019-12-05 18:44:16
C9843833-BAAB-66CF-71D4-A1AD1DDC3C7D,Leslie Bray,velit.dui.semper@aol.ca,(62) 91931-1398,Est Congue A Corp.,2022-12-11 00:41:25
4686B672-741B-D790-8B9B-515B6061E9E8,Beck Kramer,eget.dictum@google.edu,(45) 33904-5155,Mi Incorporated,2019-03-13 00:35:34
D790A2DC-302A-C19B-6764-C9313BABEEE2,Jada Rosa,luctus.aliquet@icloud.couk,(12) 72533-8621,Nam Ac Incorporated,2019-01-10 02:37:54
5C3586E5-1A3C-D9FD-1E8D-8FE6427C782E,Illana Chambers,sagittis.augue@icloud.ca,(62) 64891-6658,Eget Dictum Placerat Ltd,2018-09-05 19:30:40
659DBB9B-FFC6-9BA6-BE0C-862522A4372D,Jillian Richardson,eleifend@aol.ca,(12) 18184-1799,Ipsum Dolor Inc.,2022-11-23 16:47:29
17C3F155-887D-0B4F-DED9-4360AB295BE4,Todd Patterson,commodo.hendrerit@yahoo.ca,(74) 23680-7385,Mauris Sit Amet Foundation,2022-03-04 04:26:24
9CED2546-2771-77F0-4673-B93D579B516A,Silas Ellison,cras.sed.leo@protonmail.org,(63) 14393-9173,Metus Facilisis LLP,2018-05-18 18:23:39
59151ED1-66A1-6443-866E-24EEAB224370,Lysandra Daniels,magna.nec@yahoo.edu,(45) 22405-4640,Amet Lorem PC,2022-09-03 10:09:28
9A09CB54-5C9C-ACDF-4870-75157ACB1B13,Tanya Frederick,ligula.nullam@yahoo.edu,(74) 87071-8289,Nec Mollis Incorporated,2021-01-27 10:58:56
01D7335D-AB77-5173-4725-29664445A924,Laurel Rodriquez,tellus.aenean@icloud.edu,(96) 33023-1234,Maecenas Mi Inc.,2018-08-03 03:30:47
B713DFAF-877F-5C67-AA27-D6AE76D8D52A,Chaim Ayers,mauris@outlook.ca,(98) 20276-2784,Eget Industries,2019-10-15 20:13:05
95198016-7DFB-6D18-B3D1-5540332213C4,Herrod Rowland,vestibulum.ante@aol.net,(21) 22627-8588,Habitant Morbi Industries,2018-04-09 05:55:47
66166491-342B-C56D-A11C-FA1F1C145689,Louis Curtis,mauris.ut@yahoo.couk,(09) 46689-1252,Bibendum PC,2022-11-07 07:57:37
21776C4A-BFE8-24D4-EE91-FAFB83B5AC01,Scarlet Valdez,elit.fermentum.risus@icloud.edu,(87) 43372-2191,Aliquet Diam Foundation,2022-05-17 15:47:23
E9932059-1D49-C563-0B2C-19A73CA68F8F,Darius Watson,nunc.ac@icloud.net,(47) 85061-3565,Ut Tincidunt Institute,2018-06-16 14:36:28
1769AC4E-6EB2-AB8F-4C8B-B7E3A45C6D36,Aline Kramer,imperdiet@aol.edu,(57) 61838-6263,Lobortis Ltd,2022-04-10 09:46:03
7C480D0D-BAA8-34F5-F79F-D340E6CB8463,Bernard Mathews,eu@hotmail.edu,(56) 31334-8613,Auctor LLC,2020-04-29 20:26:55
57448894-CE49-12B0-BD0D-5ECB3531BCC1,Anthony Carrillo,ante.bibendum.ullamcorper@protonmail.couk,(30) 30948-3828,Amet Faucibus Ut Incorporated,2020-09-22 00:39:21
E8F5A017-6CB1-6BE9-53FB-EADE7B4A3573,Kylie Aguirre,mollis@hotmail.couk,(24) 99192-1833,Vel Venenatis LLP,2019-04-17 12:09:26
D3CC17BC-7D83-E9AB-25C2-A068199D7B27,Iola Garrison,mi.duis@outlook.com,(40) 23675-5742,Fringilla Mi Foundation,2019-01-10 16:41:04
F2296341-5A7D-9785-A0DE-CEE7C0B7A163,Macon Adkins,et.netus@icloud.ca,(38) 13125-0443,Mauris Foundation,2021-04-06 03:48:04
FE215DC1-D6EE-40C3-2183-3D7DFBD9C211,Todd Cote,consequat.nec.mollis@protonmail.ca,(28) 36616-2685,Mauris Ut Institute,2021-06-11 11:41:12
21C852DA-D649-5C4C-756F-5F9D93A79339,Graham Peters,auctor.non.feugiat@google.ca,(67) 12950-3651,Non Cursus Non Associates,2019-02-10 13:58:18
29589FFD-8789-CDAD-C771-766968F3A463,Byron Berry,at@hotmail.com,(75) 27832-7072,Ipsum Phasellus LLC,2022-09-22 13:19:41
63077752-B6CA-BE3D-2678-619EE5ED4CE2,Juliet Edwards,fringilla@protonmail.ca,(96) 87306-6189,Vulputate Posuere Company,2019-07-14 08:52:14
B35EC623-E313-AFA9-9CB1-6A3B7592D94D,Nasim Huff,odio@hotmail.ca,(34) 14896-9352,Etiam Ligula LLP,2019-01-24 17:25:25
44B2E2C8-3AA6-EAC1-E193-94967BA801C3,Clementine Roach,et.ultrices.posuere@outlook.couk,(84) 33063-6187,Vivamus Industries,2019-04-23 08:46:14
6AEB6BC5-7A14-9E45-B018-2457B38EEE7B,Jemima Levine,ac.nulla@icloud.org,(01) 05718-3181,Ornare Limited,2022-03-18 06:14:31
D4E8C231-CA1E-8E54-3BA2-0945C89F5741,Margaret Buckley,lectus@icloud.edu,(75) 59755-2244,Malesuada Id Consulting,2022-04-06 20:09:14
311912AA-2635-E46A-CD62-952312023BCD,Clio Valenzuela,eu.erat@google.couk,(97) 61888-8168,Porttitor Interdum Sed Institute,2020-08-03 22:51:30
C15644D0-D647-5B5E-6E1D-BB59A9CEC183,Malik Conrad,amet.ante.vivamus@aol.edu,(76) 70801-9831,Magna Duis Dignissim Institute,2018-11-09 04:40:53
D3C787DB-1E2C-6814-F155-06E731A13377,Eleanor Preston,arcu.vestibulum.ut@protonmail.ca,(23) 03733-2444,Sapien Cras Dolor Foundation,2018-07-19 21:01:24
D4EC5755-5DB3-0528-C811-E44C452B2B2B,Paul Nichols,pede.cum.sociis@google.couk,(95) 55125-8037,Mauris Incorporated,2019-01-19 14:43:33
8B04C7A4-96B9-849B-38E8-CED74320C6C3,Madonna Rosa,aliquet@yahoo.edu,(52) 88362-9215,Curae Donec Tincidunt Ltd,2019-07-07 12:40:12
E1892152-E281-E883-77A6-1C3DE414B6F9,Xavier Kline,nulla.magna@protonmail.ca,(67) 56653-9657,Metus Aenean Sed Incorporated,2019-08-20 03:28:37
399221E8-E741-EEA0-93BB-CCE8778AFBDE,Jamalia Ray,rhoncus@outlook.org,(21) 97454-3636,Faucibus Ut Industries,2020-03-14 04:49:23
A47B9ED9-94BC-B1BD-8F19-25715272C524,Samuel Bruce,felis@icloud.com,(56) 47513-2325,Nec Tellus Associates,2019-03-24 16:46:22
17DDE83C-9880-9BC4-0F16-FE40D7BF0125,Yeo Ellison,nulla@google.edu,(52) 59314-4621,Malesuada Id Erat Limited,2020-02-28 13:22:13
4BCEAE9B-96A1-7E2A-833D-A388DF67E01B,Andrew Cunningham,eget.metus@hotmail.com,(77) 85604-6271,Amet Faucibus Ut Corp.,2021-07-18 09:03:58
EF547197-ADB0-C212-2C3A-B3FDAD4C5389,Mollie Mann,sodales.mauris@yahoo.org,(32) 35587-3765,Eget Ipsum LLP,2022-02-28 05:51:07
9FC492AA-19C7-ECCE-9B17-955BE943DEE3,Cade Finley,volutpat.nulla@aol.edu,(80) 15782-3822,Nibh Enim Limited,2019-01-21 05:15:33
9688E748-A366-9C94-F723-822B0E452DB0,Mallory Pacheco,augue.sed.molestie@icloud.com,(17) 54102-3841,Justo Faucibus Corp.,2019-12-16 23:54:34
B64C44CA-B15F-B78A-A79F-C12454159243,Nigel Merritt,velit.aliquam@yahoo.net,(50) 63739-8308,Bibendum Fermentum LLP,2018-05-08 12:20:50
AA1DC39D-B0F0-ED36-939A-9AB873FF3937,Rooney Hatfield,justo.proin@yahoo.ca,(26) 21129-9982,Scelerisque Mollis PC,2021-06-24 20:30:50
909E0849-F557-19CE-2944-E7AE38BE763A,Yvette Underwood,tristique.ac@google.ca,(69) 02811-4539,Mi PC,2020-02-05 23:28:35
1B5431D9-8B41-05B6-FB0E-8D9FC1D04C6F,Iris Moss,dictum@aol.edu,(44) 73467-2668,Arcu Vestibulum Ante Foundation,2021-12-18 09:45:28
96202923-FDBA-7B8B-E71F-CE358B8DD656,Ciaran Nielsen,ac.turpis@google.net,(33) 64439-9525,Elit Nulla Facilisi Foundation,2021-09-04 09:17:52
225EE471-B40D-45EE-AAD3-971B6D1DA37E,Marah Knox,nunc.in@yahoo.edu,(56) 37486-9178,Adipiscing Elit LLC,2021-04-02 19:05:51
9789CAB1-A135-E688-BFC1-BADDB7C2A08B,Beverly Morrison,fermentum.metus@hotmail.net,(15) 81688-1944,Ultrices Duis Ltd,2018-09-21 11:06:51
DDE75E33-4A71-D221-202B-B7CAF9E72B20,Cally Winters,dictum.augue.malesuada@outlook.org,(59) 68652-9777,Turpis Limited,2021-01-07 17:12:18
710358E5-5FC5-C053-CDD9-3A63B8DDB075,George Lucas,aliquam.ultrices@google.ca,(68) 65752-5025,Nec Inc.,2018-04-01 21:04:05
107C50A1-A4AC-98EA-94A6-D598C33ABBFC,Myra Ross,augue.eu@hotmail.edu,(83) 02257-3417,Pellentesque Ultricies Institute,2019-11-22 11:48:33
6D154B3E-C377-5822-8A7B-E82BBBA446FC,Graiden Murphy,at.arcu@hotmail.ca,(56) 71217-2776,Ipsum Primis In LLP,2021-02-21 08:45:19
D671B0E8-BAA3-83BD-3E0C-1CBBEE5D823D,Nigel Santos,nascetur@hotmail.couk,(49) 35855-4376,Id Enim PC,2018-11-11 13:03:55
DAD1A981-3E23-366C-459D-A4C60F5D6087,Dawn Munoz,a.neque@yahoo.org,(02) 44370-8680,Amet Consectetuer Ltd,2018-04-22 15:32:18
1622AB7C-8735-9C1A-BDE8-6A4C1DA1E18D,Emmanuel Allison,phasellus.fermentum@google.org,(22) 93858-1510,Diam Nunc Incorporated,2020-02-07 23:18:53
5BA6E853-B684-98F9-79E2-9198B7CE45EA,Blaze Burns,lectus.justo@outlook.couk,(86) 26913-8729,Pede Nonummy Ut LLP,2019-04-17 09:06:43
487BF5F2-0CCE-6BAF-7D2D-4839D2995E39,Eagan Mullins,at.libero.morbi@protonmail.edu,(76) 33328-7561,Metus Aenean Limited,2020-11-18 11:26:31
CBE04F76-246A-24D4-F91E-7E293582823C,Remedios Whitley,ultrices@yahoo.couk,(85) 62074-4689,Nunc Sollicitudin Incorporated,2021-10-04 04:53:03
B33B9AC4-224D-22B2-CA36-B57310E74275,Colt Hamilton,eget@hotmail.net,(93) 58687-5687,Quis Corp.,2019-07-03 05:59:38
CC39771B-3F7D-AA8F-38C3-25ADB8AE3EB1,Maile Mclean,in.lobortis@aol.org,(04) 43125-6574,Ut Dolor PC,2020-06-16 00:32:05
A27FD4DC-FDD6-3A3C-D168-6486F2D9E656,Blaze Crosby,in.ornare@outlook.org,(41) 36229-8505,Et Company,2019-04-16 20:56:57
6BB2C29A-E8B0-58B7-D97F-61E2ABE946E2,Mufutau Pickett,enim@outlook.com,(58) 11059-3491,Etiam Incorporated,2022-06-08 15:17:00
A282D984-BA1D-49B6-25BA-9D373D7BD58B,Norman Strickland,at.sem@aol.ca,(26) 93291-1882,Ornare Tortor Corporation,2021-04-29 23:44:13
1105B463-162D-DE07-FD5E-8E9BE6115BED,Cathleen Tanner,nunc@icloud.ca,(37) 40150-7565,Luctus Aliquet Ltd,2022-02-05 20:16:11
F91951AD-978E-FB49-EDF9-44270B27A121,Blake Walton,eu.odio.phasellus@outlook.net,(48) 66117-4435,Turpis In Institute,2020-04-13 16:52:01
2C2A1986-B76F-D439-54DD-2F245B55B47E,Amber Holder,eu.augue@yahoo.ca,(78) 54518-0925,Et Ultrices Limited,2019-05-24 17:11:36
954D09DE-A45D-D8B7-F656-EC4163BA03F3,Barry Herman,cras.vulputate@outlook.couk,(14) 48958-5702,Conubia Ltd,2018-09-19 10:05:21
1B5738D2-D43D-187F-89C6-5688156CD358,Sigourney Dean,ac.sem.ut@outlook.ca,(96) 44011-6768,Imperdiet Company,2019-09-01 19:51:09
EC390FE6-1D28-AAF2-D1D6-A07224E84D44,Iona Hughes,magna.a@google.net,(44) 37776-7425,Nullam Suscipit Est LLP,2019-02-28 16:53:58
9C3B6324-9C99-6B12-8FBE-1EAB26574831,Azalia Hodges,ac.ipsum@protonmail.couk,(80) 28141-9722,Sed Eu Foundation,2020-01-17 02:24:31
E64C6492-3D00-959F-3985-E6E5224DAD42,Jarrod Mercer,lorem.ut@icloud.net,(63) 75125-1497,Iaculis Quis Pede LLC,2019-08-08 14:19:58
1C17833D-2D69-9CD6-8E73-2B544DF314FE,Martina Contreras,nibh.quisque@hotmail.couk,(15) 23561-5786,Mauris Molestie Institute,2021-07-04 21:10:44
253A7366-5FBB-A6B7-64EC-D71B0A71D497,Nerea Petty,aliquam.ultrices@google.ca,(37) 89344-7828,Nam Ac Associates,2021-02-23 09:07:37
34C5DC45-31E6-7641-91CB-8AD8EDECD2A1,Kelly Brock,at@yahoo.org,(76) 42129-5235,Class Aptent Taciti Consulting,2021-11-18 02:12:37
4C42E926-75DA-A3A0-8B5D-77A5199CEE86,Wesley Hendrix,quis.turpis@google.org,(27) 06785-1170,Curabitur Egestas Nunc Foundation,2022-12-15 03:19:21
D9D05A3E-CA55-A67C-7207-C292ACAF3AA3,Martina Larsen,proin.vel@icloud.net,(40) 79312-3552,Malesuada Industries,2022-07-08 12:28:04
85E2AC26-4BCC-3833-274E-A634858845B7,Cairo Sawyer,lectus.nullam.suscipit@aol.ca,(01) 97835-6204,Convallis Foundation,2018-08-26 09:32:08
BE88C661-F578-D47D-9667-3D9ED39A5DFE,James Faulkner,vitae.sodales.at@google.edu,(94) 06878-0282,Volutpat Associates,2021-08-14 05:20:40
306C8ED5-3854-FE17-B5C5-811FAF0CDAC7,Clare Alexander,odio.a@protonmail.com,(32) 05926-4266,Nulla Cras Industries,2022-12-25 18:12:08
7A6EC528-0275-3CEF-CD3A-3854AE4D3063,Pascale Hayden,per@google.com,(41) 61030-2340,Malesuada Augue Ut Corporation,2019-01-17 03:20:35
79F7D68E-A6F9-1ABB-A92E-D362C223938C,Alan Blackburn,in.aliquet.lobortis@protonmail.net,(32) 83483-2305,Neque Sed Sem Limited,2019-07-26 16:09:42
84E45B88-9412-2516-9522-599D86152525,Illiana Mason,sem.elit.pharetra@outlook.couk,(10) 07637-3376,Dolor Egestas Inc.,2022-04-16 02:07:26
938D81A4-96B0-7DA5-7B91-82336D933AC3,Margaret Warner,pede.ultrices@google.org,(30) 53437-5756,Et Magna LLP,2021-12-27 06:53:23
7EFFF3D1-53DE-ADC9-5EB2-6BA6D64D8EF2,Mariam Collier,magnis.dis@outlook.org,(65) 59248-4437,Cursus Et Magna Inc.,2019-03-21 12:44:54
B5840ADF-9482-B6B6-EF74-9ABCD6E7A7D7,Knox Castillo,mauris@google.couk,(52) 67773-5467,Curabitur Egestas PC,2019-03-01 08:32:13
FAF334A6-359A-1649-1C97-45B381446D9D,Nyssa Fowler,montes.nascetur@hotmail.couk,(81) 35208-8396,Ante Vivamus Non Foundation,2021-01-17 05:48:09
787B5A05-3FE6-5A1B-5A57-2BD8A876432B,Yoshio Delaney,cubilia@google.net,(15) 57753-0581,Laoreet Posuere Industries,2019-02-25 04:18:18
CC4E15CE-1A78-6687-B65F-9F48E46BA928,Kimberly Richmond,tortor.integer@hotmail.edu,(07) 15851-4283,Vestibulum Accumsan Ltd,2021-10-26 22:09:20
96E3D44B-6123-2670-E261-42B3ECB39B9C,Felicia Flores,urna@outlook.net,(82) 06125-6213,Imperdiet Erat Nonummy Limited,2019-07-02 04:00:23
3927C4A8-3494-48E1-C2BB-5F3DAF9BEA9C,Sade Bowman,dui.nec.urna@icloud.couk,(77) 84891-6555,Ultricies Sem PC,2022-01-10 14:50:39
1337B551-02AB-0AA9-BD63-DF336A911D44,Addison Lindsay,nibh@google.couk,(84) 11434-1647,Mattis Velit Associates,2021-03-17 13:43:04
688EFDF5-9275-5A45-39BE-76513D914999,Brian Randolph,felis.eget@outlook.couk,(50) 69418-3326,Est Nunc LLP,2020-03-12 01:15:01
25FC4B86-5652-E3ED-4341-53E8329A27B3,Alika Page,aenean.eget@aol.org,(94) 76778-4211,Ante Bibendum LLP,2019-03-24 14:56:00
2B5D2475-6393-D723-2873-D6B4DCB607D3,Thaddeus Donovan,laoreet.ipsum.curabitur@protonmail.couk,(34) 34133-7941,Ac Sem PC,2019-04-09 22:19:15
296F8DE7-38E9-2576-38C8-14A5441BCD1E,Magee Cline,in@yahoo.couk,(53) 36496-3177,Arcu Corporation,2022-12-10 03:18:18
895D4C4B-2D19-3479-FECB-744E298842A5,Galvin Gardner,sed.id.risus@outlook.edu,(23) 25606-3722,Et Magna LLC,2018-12-18 06:09:44
B31634C2-E7A3-2E82-7E8A-A360358391AE,Gray Montgomery,sed.dui.fusce@hotmail.ca,(54) 06267-3452,Eu Enim PC,2020-07-24 19:06:18
58ABFABA-A689-655B-AA97-B16DA41DA473,Hanna Miranda,luctus.curabitur@hotmail.couk,(97) 76302-3266,Est Congue PC,2019-02-14 11:55:23
C8A48558-5AC1-63AB-47A5-D93BB5D54489,Clarke Hendrix,cras.pellentesque@google.edu,(54) 86966-2387,Nulla Tincidunt LLP,2018-07-08 01:07:33
8DA7408F-BB61-1A28-8094-AEA2677D6DA1,Tatyana Sanders,suspendisse@google.couk,(88) 39467-4646,Feugiat Sed LLC,2021-06-27 16:53:57
F7AEC3B2-813E-BEDC-A316-B5A0481C1C61,Grant Ware,nec@icloud.org,(71) 42054-3820,Duis Consulting,2022-02-24 02:48:09
27B02B3F-8766-3C03-D5BD-B7603D52C3CF,Cairo Noble,egestas.duis.ac@aol.net,(35) 78873-8405,Sed Nulla Inc.,2022-03-17 20:31:15
96CAE0BB-08E5-53C4-2136-A52D17A1AF08,Donna Nash,neque.pellentesque@icloud.org,(56) 83905-5227,Elit Dictum Eu PC,2022-04-27 02:36:02
06AA0CE5-C9C9-E648-837B-1A32839B712D,Lisandra Burt,amet.consectetuer@protonmail.couk,(12) 22488-8697,Lacinia Vitae Ltd,2021-12-11 01:42:06
39423585-46BB-C3B1-B0AE-F6E205DC4A86,Walter Kidd,gravida@aol.ca,(73) 55714-3241,Vulputate Ullamcorper Corporation,2021-02-19 04:10:41
8A56665E-C8F4-8CE1-5C84-2A96BE082C88,Coby Santiago,purus@icloud.couk,(16) 26123-8898,Vulputate Corp.,2019-02-07 16:44:32
43EF33EB-96E8-A9B1-8CEE-9E6C3AF93051,Harlan Mcdaniel,quisque.imperdiet@aol.ca,(15) 20338-7233,Et Magnis Dis Foundation,2018-05-04 21:16:21
0D0CEB26-AA79-662B-8CDD-23BE6B2E0502,Norman York,enim.nunc.ut@aol.com,(56) 78533-1662,Lacus Quisque Industries,2021-01-08 06:45:53
2939CD91-D7A2-8DEB-379E-DEEB511A2D48,Devin Morrison,libero.at@icloud.couk,(54) 37136-4623,Varius Orci Incorporated,2018-06-19 00:08:31
C32EA271-207A-EC92-49B5-DF3B5799B3A2,Armando Rowe,neque.sed.sem@hotmail.com,(66) 15163-6164,Quis Limited,2018-07-15 14:54:02
B0232668-94BA-2917-B032-270DC168D021,Xyla Solomon,hendrerit.id@hotmail.net,(72) 15555-2650,Nec Eleifend Inc.,2022-03-31 14:43:44
B317C4B6-34AC-0D84-24B6-5AB3B44C8E2A,Naida Rose,quis.accumsan@yahoo.couk,(22) 38381-7581,Risus A Ultricies Incorporated,2018-10-10 09:25:53
4E243995-5B68-4CCF-2759-754CC817E8AF,Peter Morin,at@google.couk,(93) 52331-4244,Interdum Ligula Company,2019-10-20 06:48:53
2CB38ED9-ADB4-6C45-9931-D70062E32AAE,Samson Franco,id@outlook.couk,(47) 67986-2786,Dis Incorporated,2018-08-13 06:34:08
87456B63-50C8-D677-9CFA-7863DF5ACD1D,Quynn Santiago,luctus.et@yahoo.edu,(47) 17880-0422,Ac Arcu Limited,2022-08-14 20:46:22
7D332600-4A93-C489-5F89-74DD9BAEF4BF,Lucian Shelton,dolor.sit@aol.ca,(13) 24078-6813,Velit PC,2020-04-15 06:52:10
2DA65DDA-B649-7AC9-6C5E-7314D5558EF8,Eagan Farmer,magna.malesuada@aol.org,(72) 78733-2028,Massa Rutrum Industries,2019-10-08 09:47:54
DBC3280F-DD59-0BAE-CBE8-3EDA699F8AD5,Ayanna Melton,luctus.et.ultrices@aol.org,(56) 94764-4687,Nec Inc.,2021-10-25 10:49:27
97BE6283-D745-3BA7-0321-5967EDD0021C,Amanda Middleton,a.enim@icloud.org,(35) 54419-7635,Ac Mattis Ornare Limited,2021-11-10 10:48:57
C77594E3-2603-24D4-E84C-C1D45A9EBA1F,Pandora Rosales,molestie.in@yahoo.edu,(56) 11875-9242,Tincidunt Congue Turpis Foundation,2020-05-25 22:23:26
CC5897CD-E3A2-2A9E-01D0-43539C646673,Calvin Bentley,in.consectetuer@google.edu,(54) 60254-6637,Diam Vel Arcu Corp.,2019-09-03 08:09:10
96BE2D69-8056-D9E0-CD9F-3336C16B27E2,Audra Ewing,dolor@icloud.com,(17) 40854-8676,Sit Amet Risus Incorporated,2022-09-24 13:58:28
9B66EA30-5A13-8AED-51DF-8346948A1C31,Rajah Payne,porttitor@google.couk,(44) 78781-4115,Mauris LLP,2021-09-18 16:51:05
951CFE23-C872-832D-1B53-012D74EB77AB,Stacey Bolton,interdum.nunc@outlook.ca,(39) 28778-4159,Tincidunt Nunc Ac Consulting,2021-12-05 04:02:08
222F821F-FE8C-1CE6-7363-CC551A835331,Erasmus Bray,nunc.sed@hotmail.org,(40) 63743-7224,Ornare Foundation,2021-02-04 21:15:15
6712C62C-76CA-915B-023E-625E5A4F4EA7,Sara Phillips,nec.ante@protonmail.couk,(49) 18381-7452,Consectetuer Rhoncus Associates,2021-08-04 17:52:55
5E494851-4346-74B9-3F4F-B7D831758ED2,Aphrodite Foster,est.nunc@aol.couk,(22) 70416-7446,Porta Elit Limited,2018-04-21 19:57:34
8976EA31-6445-C1A2-1470-9A56AD7FB239,Colorado Warren,commodo.ipsum@protonmail.edu,(67) 34451-2681,Auctor Limited,2020-04-07 05:39:17
C3628A5E-9963-3377-4339-43447EBA1129,Carla Schneider,mi@protonmail.com,(20) 48585-6211,Egestas Urna LLC,2018-06-27 03:30:42
6C159AB1-20F2-5C1E-F523-83345440B377,Griffith Olsen,mi.duis@yahoo.com,(45) 20473-5590,Tincidunt Aliquam Incorporated,2019-01-07 07:15:57
BF329883-C422-276A-4FDD-9614D14DD781,Ila Parrish,ipsum.cursus@outlook.com,(28) 42282-4437,Ornare Corporation,2021-07-02 01:04:00
C62D96F4-25C7-3FE6-1904-B8BC25E5ADBE,Quon Chen,arcu.vel@google.edu,(36) 67519-4100,Tristique Senectus Institute,2021-11-21 23:27:14
66BD791F-4A55-670C-44BB-C1696A9B5C69,Mark Carney,malesuada.ut@aol.couk,(33) 07860-2463,Adipiscing Corporation,2019-01-04 09:00:37
29398693-BCB9-7DBA-1E12-8121F23DB5DD,Carson Mclean,eget@aol.net,(13) 24203-0408,Ridiculus Mus PC,2021-05-06 17:24:59
B243ACD1-2C63-D175-4116-6838BA29BEB2,Solomon Brooks,mauris@hotmail.net,(23) 66814-3685,Nonummy Ut Corp.,2019-02-06 14:47:39
C449AD17-BBD9-181E-66DC-1893DB72AE1D,Margaret Haynes,diam.proin@outlook.com,(98) 67055-4350,Arcu Vel Inc.,2018-09-10 08:48:47
625B3598-5123-C7A8-84A8-54DFA790C04B,Audra Mosley,ligula.elit.pretium@hotmail.net,(41) 12658-0829,Lectus Pede Corp.,2021-03-17 03:31:22
D04B4BD2-1752-A12C-A7AE-1C05A9B6358A,Zorita Espinoza,consectetuer@yahoo.com,(95) 87517-8158,Tempus Mauris Limited,2021-06-19 19:12:54
5D58F4A8-8002-17A2-59B8-8241C38BDCB6,Marshall Hughes,eu@hotmail.couk,(65) 66778-1828,Vestibulum Inc.,2020-06-09 20:32:47
AE5619A5-3F6E-790D-4751-14815335E712,Igor Mendez,tellus.id@hotmail.edu,(63) 41515-9364,Dolor Nonummy Incorporated,2018-06-03 08:06:47
49F3BF34-A496-C935-0888-0A5AF21FD7C2,Jeremy Frank,aliquam.nec.enim@google.com,(17) 35244-3435,Lectus Justo Consulting,2020-01-19 15:43:52
781087EE-01BA-1692-2D83-1D7DBD058C72,Buffy Taylor,nibh@google.org,(87) 13553-7855,Semper LLP,2021-08-07 01:05:02
EA86E5A6-5B25-DB73-0114-88B2987E31E5,Willa Fry,nam.consequat@outlook.edu,(36) 17063-1902,Ipsum Curabitur Consequat LLC,2020-10-27 03:21:08
AA2388EE-F0A4-F731-A837-C84C75CCCB18,Hermione Sellers,tempus.mauris@protonmail.couk,(73) 99052-5283,Donec Porttitor Tellus LLC,2019-12-24 17:58:31
8F205F47-0254-E3DE-9286-92EE71998E11,Tobias King,et.magnis.dis@yahoo.edu,(76) 86725-8427,Eleifend Cras PC,2022-07-07 21:35:31
BAA8B625-A5B8-E4ED-707C-A99E0B4CC7A7,Tanya Moran,arcu.ac@protonmail.net,(38) 48323-8195,Odio Semper Industries,2021-09-10 07:19:45
C51CE4D7-4D56-B525-BE78-74873BE1CCAA,Fitzgerald Snyder,vulputate.eu@protonmail.edu,(61) 22583-5893,Sagittis Lobortis LLC,2020-04-28 04:34:44
75284E1D-EDC4-A7D7-1EA8-236CBC9464B1,Hedy Marsh,neque.et@aol.org,(96) 32004-3772,Dolor Dolor Tempus PC,2022-01-31 20:32:43
4156F3BC-A813-E377-B430-721E7B8F3E49,Kirby Watts,ante.blandit@outlook.org,(30) 94834-8368,Rutrum Inc.,2019-08-12 01:56:52
249E52B4-942E-B9E6-15A6-D5ACDA6EF4A5,Kevyn Duran,sed.diam.lorem@aol.net,(33) 57118-7397,Rhoncus Id Company,2019-09-03 01:00:07
BE135CBE-89EE-4894-A67E-43E8461033FE,Darius Baldwin,malesuada@google.edu,(60) 17027-2558,Malesuada Vel Corp.,2020-04-28 22:45:40
12F4F81C-57B7-2D2B-D7CE-8E664A366CEB,Flynn Spears,ac@yahoo.edu,(55) 36325-7051,Tortor Limited,2021-04-02 09:38:50
BA51C109-ACB8-C242-CCA4-1B0C5524B6EE,Noelani Lane,velit.in@icloud.org,(57) 34898-8052,Faucibus Id Consulting,2019-05-15 17:56:41
83B21C95-C9EC-7ED9-6397-63C62E156DC3,Salvador Chandler,urna.suscipit@hotmail.org,(09) 80426-7133,Mi Pede Nonummy Consulting,2021-10-15 00:11:57
8BBCB7B3-5661-C665-A33B-83139FAB31B4,Kirby Gill,fringilla.donec@outlook.ca,(11) 18807-3353,Sit Amet Limited,2022-02-14 12:07:39
A2BE4B1F-B5B5-080A-C256-6021976C1CCF,Barry Moses,non.luctus@google.org,(49) 33216-8583,Auctor Nunc Limited,2018-12-28 02:49:44
DCE40554-84A5-AED1-9E43-D9C367B326A5,Sydney Nguyen,nunc.sed@hotmail.edu,(50) 87285-7878,Natoque Penatibus Et Corp.,2022-05-06 11:37:59
5FD86845-D295-55C1-A128-2943EB064F79,Lydia Fuller,nunc.nulla@aol.com,(38) 54473-8361,Laoreet Ipsum Curabitur Ltd,2018-06-13 00:13:08
99955D58-B053-575E-7775-72B279C9218E,Jakeem Frederick,justo@hotmail.net,(24) 85222-0419,Pellentesque A Ltd,2021-10-09 19:20:46
578ABF7A-C189-FDA8-DA72-F4369DDC8021,Aaron Armstrong,libero.donec.consectetuer@icloud.net,(98) 51617-6790,Interdum Feugiat Foundation,2020-05-10 18:27:36
34A707B0-D5D1-3182-9D78-220BC969D682,Fuller Carver,sem.nulla@hotmail.couk,(70) 51505-6395,Nec Institute,2022-09-11 19:32:37
6A346EA9-15C2-9BA7-DC26-121A7244943F,Quyn Mooney,auctor.odio@yahoo.couk,(38) 61126-9174,Mauris Associates,2021-05-27 02:42:43
A0DA424D-7980-D781-9299-A4703BC68BD5,Paul Nunez,morbi.sit.amet@yahoo.ca,(03) 98364-5466,Convallis Ante Corp.,2020-07-14 23:34:23
EF95C232-D842-55AB-8675-B7DED8136FC5,Janna Cross,nulla@google.net,(14) 24323-1123,Vestibulum Lorem PC,2018-10-23 07:59:47
F9452A26-6258-DCFB-CB66-65F12D122EF8,Prescott Collier,dolor.nulla@protonmail.org,(24) 16515-4410,Cras Eu Industries,2022-05-20 06:26:44
8474B261-264B-7AA3-6EA2-B9D5AC52BAB5,Omar Silva,nascetur.ridiculus@icloud.edu,(27) 61147-7180,Molestie Arcu Incorporated,2022-04-03 12:33:49
92FE2470-9C11-4C67-6FC2-83D199EF4C99,Aileen Delacruz,nisi.sem.semper@hotmail.org,(64) 95434-4291,Mauris Sapien Inc.,2020-09-07 06:40:12
1C0E47E0-BDC8-992F-24CC-35D39E3C7CE6,Brianna Mcconnell,ullamcorper.nisl@hotmail.org,(16) 46335-1771,Nibh Enim Inc.,2020-02-23 06:25:37
373AACBC-3E9E-CE19-434F-7A82817122DC,Yoshio Henderson,pellentesque@google.edu,(27) 17646-1727,Ipsum Primis Limited,2018-06-27 09:22:26
B4ABD7D4-D23A-E3AC-2A58-0807DD25BD14,Ferris Ayala,dapibus.ligula@hotmail.ca,(67) 95634-9574,Nisl Elementum Institute,2022-12-09 23:53:19
21BBABDC-E17B-B7BD-5834-E285821054E9,Axel Alvarado,erat@icloud.edu,(54) 82727-9911,Pede Nonummy Consulting,2020-10-14 07:33:16
D209E6DD-BA89-1D20-AEC3-9D2582685A0C,Keefe Meadows,interdum.enim.non@protonmail.com,(84) 64377-8433,Netus Industries,2021-06-13 19:33:54
35952A74-B9CD-3C91-0E62-548D54A8B175,Iona Hess,magna@google.couk,(36) 10268-9144,Lacinia Vitae Sodales Institute,2021-10-24 14:35:22
961AE345-C485-C01A-F474-C81E741A6D38,Desirae Griffith,integer.in@aol.couk,(14) 55776-8761,Orci Quis LLP,2021-06-07 21:28:57
2B02E303-2134-AD64-96AE-9E51326C0E22,Adrian Garrett,sed@outlook.com,(73) 48108-2681,Lacinia Vitae Sodales Inc.,2022-12-08 17:08:47
4C1DD061-22D8-1B5D-6EA3-1817E22C0671,Colby Hodge,aliquam@yahoo.edu,(82) 78459-1966,Ut Erat Corporation,2022-03-10 22:04:32
CBC4764D-EBD7-DEBC-23B1-74CD3EC6BD00,Justina Houston,magnis.dis@google.edu,(42) 28155-1662,Non Lacinia At LLP,2019-04-07 19:09:52
04264C21-1172-8538-C50B-D7DEC54D93DD,Hunter Sawyer,erat.semper@icloud.couk,(69) 54566-1584,Dictum Eleifend LLC,2020-05-27 17:52:51
216F7D65-014A-7D2B-E773-8AE6D41B28A5,Ocean Petersen,mauris.vestibulum.neque@icloud.org,(50) 07741-2134,Eros Non LLC,2019-11-30 01:57:23
F77E311A-E06C-C7AB-DC69-32CF14FABA56,Mia Owen,ultricies.ligula.nullam@hotmail.couk,(55) 90148-7663,Mollis Dui Corporation,2020-03-30 16:10:24
DED6375D-4060-764A-BF70-46C4E837A7B8,Patrick Craft,aliquam.vulputate@aol.net,(73) 53413-4387,Venenatis Lacus Etiam Inc.,2021-06-15 13:59:31
79FCE6CB-5788-2C83-CCE3-819B53DE27B3,Emmanuel Vang,eu.euismod.ac@hotmail.couk,(63) 13593-7671,Mauris Nulla Integer Associates,2020-09-26 07:37:07
2478E14D-849F-6344-176B-11B7C3F1A1B7,Emi Brown,libero.dui@protonmail.org,(77) 52914-4264,Integer In Magna Corporation,2022-03-04 14:57:47
C9EC64AC-A370-6A22-263C-1849DCAAC020,Tashya Reid,in.consectetuer.ipsum@protonmail.com,(48) 63372-3676,Placerat Orci Industries,2020-03-23 11:40:06
732BE469-DD42-4A25-9C26-7D7EEA6D4EE1,Hannah Alston,molestie.sed@hotmail.org,(62) 28066-0153,Odio A Incorporated,2022-04-08 11:21:53
BE11CCAB-C4BD-B685-BA08-40686605429C,Patricia Mcmahon,lorem.ac@aol.org,(20) 37784-3541,Lorem Ac Ltd,2019-06-29 23:34:20
157457B6-D18C-B183-F3CE-1CC1211FAC4D,Ina Fuller,nisi.dictum.augue@icloud.net,(71) 50577-8922,Malesuada Limited,2022-04-21 09:19:52
71985808-25A1-5945-2F1A-433E07B6E642,Michael Mcdaniel,sed.hendrerit@outlook.org,(58) 32232-5252,Lorem Incorporated,2020-10-18 00:59:54
E1B82540-8AEE-1069-2A3C-B588CBE11729,Drake Lancaster,parturient@hotmail.ca,(48) 61527-8743,Nunc Laoreet Lectus Ltd,2022-06-04 07:10:50
E96EC2EA-7AD5-0CBD-C589-BD9B5577EC3D,Stone Moran,ac.libero@google.edu,(51) 89732-7503,Mi Lorem Vehicula Foundation,2019-04-15 16:01:47
2DFDADAC-1564-8959-E6DF-09BCCE35C38C,Pamela Puckett,mattis.integer@protonmail.couk,(76) 57365-3689,Elit Pellentesque A Limited,2020-09-01 12:14:52
C14B365B-BEA1-64C2-8083-E72DA4BC7769,Kaitlin Arnold,libero@icloud.couk,(33) 52675-2228,Felis Corp.,2019-05-27 06:26:05
405CC371-3849-C79A-EBCB-73C9DAD26448,Leslie Macias,molestie.tortor@icloud.couk,(79) 21045-3935,Dui Lectus Foundation,2020-02-23 21:33:13
3D1A3D11-E4C6-51CF-1E7B-4141E2574831,Kuame Sanchez,neque.sed.sem@protonmail.net,(60) 97861-0152,Purus Incorporated,2018-08-25 09:35:11
0CEB38DB-D5CE-8CC3-FA96-46F50E46EB7B,Demetria Villarreal,magna.et.ipsum@google.ca,(16) 21756-9903,Luctus Lobortis Class LLP,2020-06-20 21:04:18
C2C9E92C-3984-5A66-A81C-E50382FB3D43,Baker Harrell,cursus.et.magna@icloud.edu,(41) 07358-3554,Pellentesque Eget Corporation,2022-02-28 06:42:13
B9B7F877-45E7-C796-EC93-9EA15E41857A,Teagan Gaines,ultrices.posuere@icloud.com,(88) 27187-3821,Ac Eleifend Incorporated,2020-03-30 04:45:29
8CCC875B-B502-7934-BBCB-DEA44B972934,Chastity Mccarthy,et.euismod@icloud.net,(53) 22508-3407,Enim Nec Tempus Inc.,2023-01-20 04:45:44
A219A479-17FE-DCC8-31AB-80CC9D47B5F4,Jarrod Gould,etiam.gravida@aol.com,(95) 74995-9165,Augue Eu Corporation,2019-10-20 02:12:59
55155923-9855-F126-7287-A4E3546DF4D5,Austin Walls,elit.curabitur@outlook.couk,(32) 22564-9066,Non Egestas A LLP,2022-03-25 17:55:50
E669BD9B-2B63-14DB-EA48-8C15E74EA7E3,Stewart Mckay,eu.enim@yahoo.com,(80) 24383-7323,Scelerisque Dui Institute,2021-03-18 09:06:16
AB4E80A8-A1E4-6A83-96FD-18808DE4C5D9,Jael Bird,eros.turpis@outlook.org,(61) 43873-1453,Vitae Semper Egestas Corporation,2021-07-17 11:28:48
ADD7B56C-3E88-CE39-1588-92419FE9AD69,Martina Henry,at.fringilla@icloud.couk,(31) 34474-0495,Nisi Nibh LLC,2019-10-22 04:12:52
C51FE538-AD84-FDDB-61EC-462C98498658,Cheryl Strickland,ligula.aenean@yahoo.net,(83) 14644-2735,Id Ltd,2022-12-06 22:34:58
6A49BC49-1421-6677-E8F6-78225446C15B,August Alvarado,vivamus.molestie@hotmail.edu,(35) 06150-8479,Ipsum Ac Mi PC,2022-03-18 07:40:00
16AEE8EA-C4C8-9779-9233-0CC8D24B2BDF,Hop Olsen,urna.justo@icloud.net,(78) 17336-4056,Vestibulum Mauris Magna Inc.,2021-10-24 18:39:42
62806991-1390-DD6C-4298-6850BD25A3C7,Zenia Cummings,natoque.penatibus.et@icloud.ca,(71) 16688-2639,Risus Nulla Consulting,2021-01-07 09:58:07
42910329-4252-E058-2262-EDA8E0E430B9,Orson Barker,in.at@outlook.couk,(76) 81465-6763,Cras Lorem Institute,2019-09-29 14:41:39
1551D162-A765-137D-13F2-A95224847425,Melyssa Munoz,vel.arcu@protonmail.couk,(82) 52429-5068,Magna Ltd,2023-01-11 16:30:48
8DBE363A-FE60-D2D2-1941-2447E166476B,Garrett Faulkner,dapibus@yahoo.com,(18) 34885-2678,Eros Turpis Company,2019-03-19 22:03:46
74D286A8-D346-62D9-FC94-985C03AFD12A,Chloe Welch,pellentesque@hotmail.com,(88) 95673-5298,Quis Turpis Limited,2021-09-20 03:20:53
BFCA175F-F54B-5604-C9D7-A73D357C0E3E,Sasha Bowen,a@hotmail.ca,(76) 85757-1121,Sed Consulting,2019-10-26 21:10:53
96628A4B-5E7B-C668-8C6E-FCAC9FE3BF8E,Moana Cook,ipsum@protonmail.ca,(80) 45105-2884,Feugiat Non Associates,2018-08-12 17:52:07
60159923-BAF4-3111-E63B-8F7976592B17,Valentine Downs,sem.mollis.dui@icloud.couk,(86) 47051-7775,Nec Tempus Corporation,2020-02-19 16:19:29
A5584C39-9BBB-595F-B015-8BD27E349EE0,Grant Little,egestas@icloud.com,(23) 17165-4289,Vulputate Eu Corporation,2023-01-03 05:50:55
0EC662A1-A263-E9EE-5C83-1D0ADA8CC808,Oleg Carpenter,duis.cursus.diam@google.edu,(28) 85720-8038,Aenean Massa Incorporated,2020-11-09 16:30:43
44BB4C26-7D65-C362-461D-0BF7D55C2A14,Ross Velez,consequat@yahoo.net,(26) 69601-2832,Phasellus Vitae Associates,2021-06-23 17:49:16
B4CCDD0D-6DB6-64F1-556D-6B5461F4392F,Fatima Lara,nulla.donec@hotmail.ca,(74) 13315-4746,Eros LLC,2020-08-25 01:15:56
B8794052-18F3-8988-306E-8EAAFE9B4AD9,Odette William,curabitur.consequat.lectus@aol.com,(82) 27333-3428,Semper Tellus Associates,2019-01-03 17:51:19
0348E6CB-28D9-9A32-3BB2-404C703C2825,Ruth Perkins,a.auctor@yahoo.net,(90) 24367-3286,Vehicula Incorporated,2022-09-20 14:56:41
AB54C120-C609-38D1-441C-8C8332B31FC1,Ivor Galloway,ullamcorper.viverra.maecenas@hotmail.com,(84) 15657-3413,Interdum Nunc Sollicitudin Institute,2020-03-02 03:01:35
FCF0F3C9-359D-30E9-F9D6-8257261AE114,Lawrence Blankenship,ac.arcu@aol.edu,(87) 65802-8874,Integer Vitae Limited,2022-10-07 06:44:36
53647422-6C47-0E7D-8348-C4038A4EA466,Barry Heath,massa@aol.com,(44) 36062-6453,Litora Limited,2022-09-27 05:23:03
D2368187-2D8E-C928-8879-365DF3A8C45F,Samuel Hines,nulla.facilisi@hotmail.com,(95) 28189-8681,Neque Sed Sem Associates,2022-06-19 20:17:44
527FA894-6416-8136-DF98-D3850A4F8A31,Heather Sharp,id@protonmail.ca,(50) 34844-1180,Eu Augue Porttitor LLP,2022-07-10 09:59:22
1909915E-6DC6-7CC3-4F3C-4C14777887E5,Slade Adams,placerat.cras.dictum@yahoo.com,(15) 29641-2216,Neque Non Industries,2018-05-22 03:12:48
AD98FD54-0A9D-5844-2490-19CE6CB5887B,Rae Luna,nec.tempus@aol.ca,(56) 66360-6491,A Facilisis Non LLP,2020-11-06 17:11:39
18123874-C7AB-A34D-F897-03C68A59C889,Logan Mcknight,a.auctor.non@yahoo.ca,(59) 51705-5869,Semper Cursus Associates,2022-03-01 13:49:58
0C5811A1-359E-8129-A42E-DC1541C4C6A0,Raymond Everett,odio.vel@outlook.org,(95) 33721-8477,Aliquam Vulputate Ullamcorper PC,2022-09-12 07:11:07
93147589-872A-19E9-7C97-B03ABCE77BB4,Fritz Freeman,cursus.in@yahoo.net,(08) 11603-2155,Erat Eget Tincidunt Consulting,2022-12-14 11:24:59
2E5C1161-7C4A-7102-3DDC-A1C90428552B,Stuart Baird,metus.vitae.velit@protonmail.net,(83) 94840-8684,At Corp.,2022-03-09 21:32:20
4215978C-6540-331D-FDD2-C8D4157A09B5,Cooper English,sociosqu@icloud.edu,(82) 21303-5667,Consectetuer Cursus Consulting,2022-06-26 09:17:02
876761BE-4F27-1204-69AA-6D57767D6B4B,Jerry Colon,mi@google.couk,(94) 77828-5518,Nonummy Ipsum Associates,2019-06-15 00:20:24
7DB33062-313E-6875-EFE1-C4881333EE27,Alden Higgins,rutrum.eu@icloud.org,(02) 79355-4739,Justo LLP,2019-08-09 03:58:26
F7455AB2-62D1-BD23-5339-1C46576CE276,Ulla Johnston,vel.arcu@icloud.ca,(42) 11389-6670,In Tincidunt Congue Corporation,2020-10-11 21:37:17
2E3F3513-F447-C47A-423B-4255337F95D6,Chava Watkins,ut@hotmail.couk,(28) 07743-0124,Congue LLP,2022-04-16 13:44:05
B84BBBAE-573A-4E8C-2EE7-EC84DAE36E65,Otto Kirk,phasellus@yahoo.org,(42) 64701-5388,Tortor Dictum Eu Company,2021-10-10 12:58:40
D11416E2-AD1A-5A71-ADB6-346A29593524,Quynn Parsons,auctor.ullamcorper.nisl@yahoo.net,(52) 72566-8411,Ac Orci Corp.,2018-09-13 20:07:02
2A3F7A94-E33B-97B2-8EE1-A5DE6FC7165D,Brittany Dejesus,ligula.aenean@icloud.org,(72) 50603-4118,In Nec Corp.,2019-12-20 13:54:09
9C0DE9FA-D5F6-62B7-4951-2516E5D49C66,Tanya Murphy,libero.et@outlook.com,(25) 75753-2844,Nascetur Industries,2022-11-16 04:45:17
C9DEE83F-6EC1-8D2B-4E6B-C8482C5E7166,Sydney Soto,tincidunt.donec.vitae@google.com,(79) 05309-8556,Varius Nam Institute,2021-11-08 21:32:26
07AE9CAF-5EB2-3957-DED0-CA0B38EBBF01,Cecilia Fletcher,metus@icloud.ca,(72) 11789-6235,Sed Foundation,2021-07-06 22:13:28
65D1772C-FF1C-F4A6-2F0B-85EE993BE166,Renee Murray,phasellus.dapibus@hotmail.edu,(18) 49516-2760,Velit Eu Sem LLC,2018-04-03 20:40:39
E5CB78DA-EDA2-E779-99A3-327B4DFE55DC,Noble Baird,eu@aol.edu,(86) 14420-8067,Mi LLC,2022-07-23 03:52:35
3B62AE5E-76D7-9CBF-255C-ECE42D1BE485,Callum Jensen,et.magnis.dis@aol.couk,(34) 49126-1335,Ante Industries,2019-03-22 17:39:48
5982AA8E-0615-40C5-4C6D-02E901B307B7,Brenna Albert,elit.nulla@yahoo.net,(74) 51442-7131,Egestas Aliquam Fringilla Ltd,2022-02-07 06:39:28
CF70E9DD-B8B7-EB70-BBC1-AB795CB1BA7C,Echo Morrison,turpis.nulla@yahoo.edu,(50) 73326-3332,Massa Foundation,2021-11-13 06:50:49
291DB7DD-EE1A-4341-CC22-6836664D61A9,Dahlia Cannon,aliquam.ornare@outlook.couk,(11) 38110-8731,Nulla Corp.,2020-02-23 19:56:23
54C9EBBA-7F0D-6FBA-B7CC-010D5E8E8E06,James Rosario,nibh@yahoo.couk,(35) 88592-4452,Augue Malesuada Consulting,2021-04-03 13:59:16
E616EDE7-3D7D-449D-DEEE-6E55926A9AA3,Vance Nolan,ullamcorper.magna.sed@icloud.org,(20) 24213-8874,Mi Lorem Vehicula Limited,2020-07-04 04:01:49
71CA54AD-A73A-5676-4C5B-E29C97BEE58A,Victor Shields,turpis.egestas@outlook.com,(96) 81231-8562,Sollicitudin Adipiscing Institute,2021-05-26 12:41:58
3638C457-9604-F859-2CD8-7A7263FE8A06,Stacy Hines,eget.nisi.dictum@google.org,(33) 67868-1842,Elementum Dui Consulting,2021-11-19 01:52:32
986FB933-5164-7D9B-6925-B45960859C9E,Carissa Everett,nonummy.ultricies@outlook.org,(67) 75116-3684,Consequat Foundation,2018-05-24 05:45:27
C7E02B01-64C8-A925-5D62-93B928434774,Lacy Mclaughlin,pretium.aliquet@outlook.ca,(89) 30483-9988,Montes Nascetur LLP,2020-02-21 19:20:12
94B79846-6285-8E94-85B5-736BAB53FB14,Jillian Manning,nulla.integer.vulputate@icloud.net,(23) 42157-4162,Nunc Sollicitudin Commodo Ltd,2022-05-04 18:57:32
3BA5A436-923C-ECC6-6337-A656744E1901,Dieter Hopper,sit.amet.metus@hotmail.ca,(80) 58880-5245,Ornare Tortor At Incorporated,2018-06-11 17:42:49
37CB3244-D9B3-9B7F-ADA4-41CDC3030BE8,Howard Ramsey,ac@yahoo.org,(36) 96431-9528,Scelerisque Sed Sapien Industries,2022-12-04 22:56:37
A985E941-555D-741A-B275-D7B736F105B1,Colby Valentine,magnis.dis.parturient@hotmail.net,(70) 15974-3535,Donec Feugiat Foundation,2019-05-25 17:24:39
41DA698C-A738-6933-55AB-A8BD9F451D02,Inga Allison,feugiat@protonmail.ca,(55) 76072-8961,Ac Nulla In LLP,2022-05-05 07:52:34
7D4AE724-1481-B8D2-D149-D3739A889681,Magee Dotson,malesuada@outlook.couk,(37) 65893-4401,Tortor At Incorporated,2020-05-18 05:39:07
4B1682B7-A6EA-AFDA-425E-435D9C387ED7,Shad Sharp,arcu.vivamus@aol.com,(26) 05162-7266,Elit Corp.,2019-03-05 00:14:41
321A5DC9-FC4E-99AA-E57B-2AC6EADAD6A9,Reuben Bolton,rhoncus@icloud.couk,(41) 16753-1376,Viverra Associates,2018-04-17 05:23:21
4CC30B12-4C89-2AB0-227F-17A1BE957A0E,Bradley Kirby,aliquam.vulputate@outlook.net,(62) 13322-8194,Libero Integer Ltd,2021-02-11 09:18:31
B68354CC-1685-CD1E-5886-D17F523A3E75,Summer Wilcox,sed.turpis@aol.edu,(36) 14853-3425,Dapibus Quam Quis Limited,2021-08-01 05:06:43
C4545C4E-D481-9BEF-18DA-88A4421787B7,Jakeem Bowman,at.augue@google.couk,(46) 08667-3144,Quis Massa Mauris Corporation,2021-12-16 22:45:18
6B154CB1-F939-2D67-31EC-DCA8A2C38D45,Cameron Cohen,et@outlook.ca,(96) 85774-1748,Nunc Sed Orci Associates,2018-05-07 14:11:20
344B2CC3-19C0-B553-867C-2BF103D74FB3,Phyllis Pennington,tincidunt.nibh@outlook.org,(33) 46578-2952,Amet Luctus Vulputate LLC,2022-01-02 20:57:08
40CB719F-6610-B598-8705-395D616C6598,Zena Deleon,feugiat.non.lobortis@hotmail.couk,(74) 26158-7814,Ultricies Ornare Inc.,2020-12-26 18:31:17
B5347554-4A3E-6C3A-A3A5-122649BD7C2D,Daryl Best,eget.odio.aliquam@aol.edu,(88) 79173-1797,Dictum Ultricies LLC,2022-07-08 10:51:19
90AA65E6-E34C-CF94-8CBB-A9C66CA9AFCB,Lev Sloan,cras@hotmail.couk,(53) 69987-5271,Pretium Inc.,2019-09-28 21:46:56
5495F77B-97DC-6AA9-E588-C77E0B811D29,Sawyer Frye,et@yahoo.net,(83) 19368-3462,Lorem Semper Industries,2020-02-12 03:53:24
DC82C1CC-EDAE-BB17-1B78-D8C1ECDC07B6,Lars Cole,donec.tempus@hotmail.edu,(56) 87869-7186,Interdum Enim Associates,2022-11-13 10:53:19
8B9E925E-54E2-68D5-5544-E091FE5F137B,Tamekah Hendrix,non.lacinia.at@protonmail.net,(81) 26858-0810,Ipsum Ltd,2019-11-22 07:17:07
86498C3D-2419-2A57-91A5-616D069518B7,Brady Mccormick,nulla.facilisis.suspendisse@aol.edu,(78) 18158-8419,Ut Associates,2019-09-24 14:02:42
D8B94B5E-CD50-263B-B7D3-B7C9B98961E5,Riley Griffith,mollis.vitae@protonmail.edu,(85) 23669-6001,Est Mollis Non Corporation,2020-12-03 17:04:01
E6E5D85D-71E4-0960-0229-83947283FA15,Grady Cash,lobortis.class@outlook.com,(41) 67973-7760,Suspendisse Tristique Company,2020-02-22 00:29:00
F675856A-51B1-49A3-AF57-440B7DE12122,Merritt Tate,pretium.et.rutrum@aol.net,(31) 66601-4322,Gravida Sagittis Duis LLC,2021-12-28 21:10:47
3647EDAA-9E31-737B-F76B-43984801F627,Adele Leonard,arcu.curabitur@aol.edu,(36) 78028-5976,Aenean Eget Corp.,2018-06-29 13:34:56
E7746F04-D8B7-2326-9857-3BB66BAC986D,Dominique Stout,mauris.blandit@protonmail.edu,(66) 88422-6266,Mauris Morbi Non Corporation,2020-07-05 17:39:30
3C9631BC-BB6C-BC8E-AE8E-1D969898C3AE,Grady Mccarthy,ultrices@outlook.com,(85) 14067-7061,Velit Egestas Incorporated,2019-11-03 07:40:04
255898AC-9AF6-DDA2-970B-FDAA2B33751E,Stewart Dickerson,in.consequat.enim@google.net,(24) 54527-8117,Laoreet Ipsum Inc.,2019-09-18 06:55:20
2A47A1DC-0CD7-324D-57A9-8776B595FE03,Charles Hopper,nisi.sem@yahoo.org,(32) 79151-6526,Magna Sed PC,2022-01-03 22:53:25
A3BA4A21-2FAC-2A63-8E32-822727832E88,Omar Savage,dui@outlook.ca,(72) 94234-3294,Parturient Montes Nascetur Inc.,2019-10-20 16:37:38
1D379658-1E33-D566-8A0A-8E6A9ADA3939,Tatum Mcmahon,risus.nulla@google.ca,(24) 12333-3443,Volutpat Nulla Consulting,2018-05-14 21:16:14
39759912-2DD5-91A0-E8E6-B10741B8B943,Shana Burton,sed.congue@aol.edu,(42) 74448-1385,Aptent Taciti Sociosqu Corporation,2018-07-14 06:18:45
51527B9B-9887-BBDB-7442-9D11373A2AEF,Pamela Pruitt,taciti.sociosqu.ad@aol.edu,(27) 72047-4714,Molestie Associates,2018-12-19 20:21:33
77D471F1-9254-2047-4F7E-859A83E8CD0B,Harper Guzman,mattis@protonmail.ca,(31) 73367-7311,Quisque Tincidunt Ltd,2019-06-14 00:11:31
29238D05-C6D9-E259-444C-5FF853EB5343,Evan Perez,scelerisque.sed@protonmail.edu,(81) 76551-1453,Lacus Inc.,2022-03-15 23:18:23
6D169C3B-3383-6D9A-1369-BD0AAA4CEB03,Ryder Winters,etiam.gravida@hotmail.com,(46) 52416-4313,Lectus Ante Associates,2021-12-06 16:25:53
491A3977-CE40-C49E-6CE9-3262516BCDAC,Violet Mcdowell,per.inceptos.hymenaeos@outlook.couk,(55) 01914-0587,Sit Associates,2020-11-24 03:37:23
3CEB2FE3-DA2B-7393-AA1A-642CBD758635,Shad Kidd,tellus.faucibus.leo@aol.com,(84) 89621-3316,Amet Ornare Lectus Consulting,2019-05-27 22:13:34
0992DE5B-AB7A-36E7-A2E7-468B1BFDC9D6,Caesar Coleman,odio.nam@yahoo.ca,(31) 33522-7073,Aliquam Erat Volutpat Industries,2018-04-06 15:48:21
51DE65DE-8F45-4C17-29A8-7E677D51F407,Athena Fields,in@icloud.org,(64) 02425-6750,Nulla Integer LLC,2022-09-17 22:11:53
2E7BD6B4-1FC3-F7C1-C6D9-7E460F2AC4AB,Kane Jimenez,id.mollis@protonmail.org,(66) 94333-4355,Amet Foundation,2020-05-19 22:29:55
3B2521B6-A34A-B5D6-0E25-C487AE564A57,Lester Morse,dis@yahoo.couk,(12) 86262-2762,Vehicula LLP,2022-11-16 09:16:20
94E4321D-B3E7-0312-9B6C-30A1E90FDABA,Tarik Martin,vel.quam@icloud.edu,(65) 27111-0923,Sagittis Lobortis Incorporated,2022-07-05 07:49:43
A2AEBABA-ADE3-6E86-BBE6-7EAF888399A9,Cassandra Boyer,sed@yahoo.edu,(82) 31752-5475,Tincidunt Corporation,2021-10-09 01:05:27
56AD5BF9-3733-B395-4FD5-021399F1DD4D,Maxwell Mcpherson,et.euismod@outlook.net,(78) 75165-6742,Porttitor Interdum Sed Institute,2019-05-04 02:24:47
A125C189-A8DD-464F-BF5D-D3AC01C8157D,Whitney Mcdowell,ac.urna.ut@aol.org,(86) 84878-8715,Dolor Sit PC,2021-02-24 15:08:10
AA1387AC-4614-E6CD-2F47-82AC8F3628E1,Ralph Lindsey,a.purus@yahoo.com,(45) 06502-6744,Nam Interdum LLP,2023-01-15 08:29:20
473CBB99-756E-A4D4-5FD2-E7F196BACFA2,Virginia Howe,donec.dignissim@protonmail.ca,(55) 51311-4312,Ultricies Adipiscing LLP,2021-05-25 04:40:16
B0197751-A57E-83D3-B214-C654B332E3DB,Evan Lawson,nisi.cum@outlook.com,(62) 44839-8451,Accumsan Industries,2019-09-14 01:53:10
A67842D2-BF21-9E35-EC76-A864AFCA392E,Alan Justice,facilisis.eget.ipsum@protonmail.ca,(48) 69155-2705,Luctus Et Ultrices LLC,2022-02-27 21:01:32
E6520C1A-2D6D-C698-D6C2-AF1A3E1AEC24,Tyrone Day,curabitur.massa@icloud.net,(53) 33192-8220,Elementum Lorem Consulting,2019-11-11 17:58:52
9AA61623-3EB5-5284-632A-1FC72D836D4C,Cassady Jensen,pede.suspendisse.dui@hotmail.com,(36) 61363-5667,Vitae Odio Sagittis Institute,2020-10-13 04:46:11
4E1FD385-95A9-AC2E-5629-076D6695A189,Thane Gallegos,cum@yahoo.org,(83) 27291-3597,Lobortis Class Industries,2020-05-29 21:19:56
5B56DA1E-5237-DE71-65DE-8B311B4A24EC,Yardley Rollins,sagittis@hotmail.com,(22) 43958-0313,Cursus A PC,2019-12-24 19:57:35
5A442FA3-162D-5446-EC10-ACD7829CDFD1,Ralph Jenkins,aliquet.phasellus@icloud.couk,(53) 37198-2507,Lorem LLP,2018-09-06 23:52:34
B45AAEA2-72A1-E3B4-8665-A428C3121C82,Dillon Delaney,euismod.ac@hotmail.edu,(31) 89433-0158,Neque Pellentesque LLP,2022-11-30 12:10:39
113915C2-6195-C8D6-37C4-3334562E217A,Gretchen Atkinson,nunc.ullamcorper.eu@hotmail.edu,(15) 87846-6793,Non Lobortis Quis PC,2018-05-17 12:25:02
5A83A413-D098-7C54-1CBF-80EBD5A45E5B,Kirk Smith,diam.vel.arcu@hotmail.couk,(58) 96967-8454,Nibh Industries,2018-11-14 23:15:37
ADA01759-666A-6CD1-C64D-79EC5870E321,Christine Pollard,tincidunt.neque@aol.ca,(45) 88554-4772,Sagittis Felis Donec Foundation,2021-02-20 08:47:22
B4CCBC56-C186-A139-8AB3-B43B5C4C0B12,Tiger Meadows,tellus.id.nunc@yahoo.edu,(56) 65941-1115,Convallis Company,2019-12-26 22:11:13
EA95355D-679D-D38A-8EB6-36DA9975996E,Barclay Burke,dui@icloud.couk,(87) 71809-7172,Blandit Congue In Associates,2023-01-12 05:19:03
6A121827-37AA-9B92-8516-845A4E07B2E3,Connor Barnett,dolor.dolor@yahoo.ca,(83) 74567-9971,Lacinia Mattis Institute,2018-05-29 14:01:58
E3DDDB6D-66A8-ED23-23BB-B6C512A78995,Deacon Jarvis,mattis.integer.eu@protonmail.ca,(28) 57725-1110,Ut Mi Duis Corp.,2018-08-19 10:44:39
E4E1E557-5BBF-A981-3053-BC1671AAD8E3,Edan Roach,lectus.convallis@hotmail.net,(48) 88166-2828,Morbi Ltd,2018-11-09 08:41:31
2E595679-393B-8E91-778E-A37B3B3EC309,Brody Mcintyre,at.auctor@outlook.net,(10) 76218-7644,In Inc.,2021-12-11 19:50:01
37B887B8-AB08-9892-EE1B-746516B03624,Rebekah Wiggins,tellus@hotmail.couk,(85) 01852-1721,Nulla Donec Industries,2022-02-11 17:17:42
5272505C-D2D4-EED6-7241-184ECA229FED,Dexter Whitaker,ante.lectus.convallis@hotmail.org,(41) 84225-6835,Odio LLC,2020-02-21 21:21:45
6C658C08-8863-3B9B-97BD-E862B52BF8A2,Christian Durham,dui@protonmail.org,(87) 41854-6246,Luctus Lobortis PC,2019-03-14 05:01:21
A63676C2-B9FA-2C85-CCEB-46821E61B624,Althea Ross,cras@google.com,(54) 87712-6157,Sem Foundation,2020-11-14 00:57:17
D1357670-6954-A516-7CEE-5E03B1569D6E,Raphael Rogers,ac.mattis@protonmail.com,(62) 47721-4732,Semper Corp.,2022-10-21 08:10:12
C712DDC6-F52A-4511-2171-8A58133DF32E,Lacey Holden,a@icloud.com,(26) 13693-1593,Nibh Enim Institute,2018-10-31 07:08:52
87B43536-26F6-C96D-C1DE-9F07D3FAB507,Anne Peterson,amet.nulla.donec@aol.ca,(83) 83581-9204,Nam Associates,2019-12-18 16:27:19
54F3F8B6-853F-81B9-5B98-95FB3B9B1D3F,Jackson Sellers,cum@hotmail.com,(43) 21725-4148,Diam Sed Consulting,2022-01-12 16:20:20
CB7DAC8B-8F09-E2A7-3D3B-A34A49F1129B,Fallon Blake,fringilla.ornare.placerat@protonmail.couk,(78) 62528-4644,Nec Malesuada Corporation,2019-10-20 13:59:26
B0D3CABB-9FFC-6973-3D62-657D93D8870A,Tasha Pennington,viverra.maecenas.iaculis@outlook.com,(84) 77767-7873,Pulvinar Arcu Et LLP,2019-07-14 08:36:41
2FDD44B8-15B2-BE62-4CDE-6376C1892C53,Malcolm Cardenas,interdum.sed.auctor@aol.com,(18) 67375-5626,Vitae Corp.,2021-10-18 10:03:03
1DE76325-334A-4241-614E-FAB24F6EDE82,Vaughan Oneil,praesent.interdum@outlook.edu,(81) 85153-5177,Aenean Limited,2021-04-24 03:19:57
81A1F02B-45F6-C445-D7F3-B4ADAF104493,Travis Padilla,auctor.nunc@aol.com,(18) 91312-8648,Luctus Vulputate Nisi Incorporated,2018-07-02 10:40:28
1E3C5103-E434-0ACA-6F4F-188C582E3582,Salvador Holloway,quam.vel@outlook.com,(44) 51404-2615,Parturient Montes Inc.,2020-05-16 05:44:31
2534688F-DC7B-5EEB-781C-724CE4AC5AE2,Hillary Welch,at.egestas.a@aol.couk,(56) 75838-1558,Cras Pellentesque Sed Incorporated,2022-07-31 18:30:04
B6120AAA-411C-005C-D90F-3E0C1AF1372F,Kelsey Pugh,mauris.non@aol.couk,(34) 17795-8323,Vel Est Foundation,2018-04-17 13:27:17
911ECCAB-74E0-D01C-07C7-D887CD069E75,Adam Hawkins,fames@google.com,(23) 33572-0569,Faucibus Corporation,2018-09-04 13:31:10
6318D194-53B3-A9E3-1DD7-AC86E9B938A4,Camden Pena,non.dapibus@hotmail.ca,(86) 54603-4644,Vitae Sodales Nisi Limited,2019-08-27 11:58:48
A803527C-6D76-6E30-7897-99C238534967,Lael Garza,nec.tellus@icloud.ca,(71) 51604-9123,Ligula Tortor Dictum Foundation,2019-10-16 14:10:46
55E3353B-E7A4-5F5B-11D2-E25240142DC9,Amelia Nolan,ligula.elit@outlook.com,(26) 76031-2646,Ultrices Posuere Cubilia Corporation,2020-11-14 02:26:04
6977B429-CE33-344F-2DEC-CD140075C61D,Ruby Richards,mauris@aol.edu,(46) 46807-6132,Erat Eget Corp.,2021-03-21 05:51:33
7F99B542-9947-BEE8-9278-168350E8B9B5,Colby Morrison,mus.proin@outlook.couk,(20) 00617-2876,Vel Faucibus Id Incorporated,2019-02-16 03:57:00
F6EBA79A-0461-C446-6E22-4475DD3FC49B,Keegan Downs,torquent.per@icloud.net,(91) 25079-2374,Amet Dapibus Corporation,2019-09-02 05:59:52
7892DBC4-8CBB-D694-8273-9B2A30DEEB69,Mallory Cooley,ante.lectus@google.ca,(84) 15743-1619,Aliquet Molestie Tellus LLP,2018-06-10 09:38:00
A3E26B55-EADA-E582-45BD-5D72ADB93312,Tanisha Bell,a.dui@aol.com,(52) 03975-8769,Ac Mattis Company,2020-08-31 21:10:16
8E282D96-D25B-9AC0-EC45-759178ADEDE7,Zephania Burnett,lectus@icloud.com,(50) 63736-8831,Dolor Tempus Inc.,2019-11-16 21:59:33
8E4B3AA6-1ADE-BDE2-0E89-E8994AEAC42D,Lars Boone,a.malesuada.id@protonmail.ca,(56) 85519-7151,Sapien Cras Corp.,2022-06-21 06:13:27
0E27C153-2859-91DE-8B87-61A6D3F7E68B,Abbot Mckenzie,iaculis.quis@icloud.ca,(62) 73840-3201,Mus Donec Dignissim Institute,2021-12-30 18:13:49
497653FB-849B-118D-1149-8A6E9D6385B4,Stephanie Armstrong,orci@outlook.com,(12) 65177-1217,Sapien Corp.,2021-08-25 01:45:00
1C8CD5C1-87A7-D5F2-6ED1-723B226535C0,Hammett Daniels,mauris.id.sapien@yahoo.edu,(58) 64032-4424,Mauris Industries,2022-04-10 11:02:09
8C55B18E-FE78-BD46-BA99-14C3DC0825F6,Brittany Day,ac.sem@hotmail.edu,(86) 81406-1632,Ut Corp.,2020-08-13 17:03:56
49D242BD-21D0-8862-B7F9-4C4E63B68CF1,Medge Burke,porttitor.eros@google.org,(35) 94773-4118,Morbi Vehicula Pellentesque Foundation,2020-07-30 07:37:40
5E5DC76C-E486-7D22-ACC1-BAD839365C06,Fritz Moore,nam.tempor@google.ca,(93) 70379-0949,Tellus Lorem Eu Ltd,2019-11-07 23:44:05
9C91099C-EDA9-9147-5442-AEC8C940DA43,Hayes Hale,vulputate.ullamcorper@protonmail.edu,(33) 18037-3657,Semper Rutrum Corporation,2022-10-25 05:57:43
412A633D-7ACB-10D5-D7EC-EB1871381345,Lance Bean,quis.diam@icloud.ca,(22) 53180-9733,Molestie Corp.,2022-03-03 05:14:02
E4E972DA-B0B0-F61D-188B-6FE109A5485E,Sonya Puckett,tempus@hotmail.edu,(21) 14050-3341,Enim Sed Corporation,2022-07-23 01:50:07
CC3D0874-1561-E0DF-6B62-C46E51AC5A55,Elijah Cobb,a.scelerisque@icloud.org,(18) 15778-5259,Congue A Corporation,2022-09-12 07:28:56
A6DE5F5B-660E-3F6E-D490-7888497A8AE3,Quinn Wise,malesuada.augue@hotmail.couk,(97) 46849-2337,Ut Eros PC,2020-01-12 17:58:15
09CEDEC4-D552-2A3B-E4AB-241A5C3A136F,Haviva Guerrero,eu.sem.pellentesque@google.ca,(33) 15068-6509,At Company,2021-11-12 05:28:17
5533CADC-7DF8-D974-CB1A-E37C615E3AE2,Bruce Bond,fringilla.ornare.placerat@hotmail.net,(86) 01635-1985,Ornare Elit Industries,2021-07-10 06:32:41
86145975-71D5-B10B-636E-E61FA9534DB5,Zenaida Kirkland,nunc.sed@google.edu,(35) 83046-3705,Lectus Nullam Incorporated,2022-04-18 20:31:59
B59B842D-F8C3-235C-AF31-3D036E749835,Kimberley Hanson,auctor.quis.tristique@protonmail.ca,(18) 17611-2933,Molestie Tellus Limited,2021-03-19 06:52:29
CF35BA5A-5B19-1EA6-5D29-9D7F7396EC77,Gwendolyn Morton,consectetuer.rhoncus@protonmail.com,(59) 75541-2513,Nunc Id Enim PC,2021-05-06 14:59:58
BC61D12E-293E-3545-8A4E-42065199B0DC,Lavinia Kelley,dignissim.magna.a@hotmail.net,(71) 81018-4778,Curabitur Dictum Foundation,2022-04-23 03:40:02
C7D90EF0-86EB-9D8E-559E-87D55D526843,Tatiana Mosley,congue@yahoo.com,(37) 44117-5216,Ante Maecenas Inc.,2021-09-14 05:30:13
B383ED1C-2393-3416-C31B-B39A6B4323B8,Galvin Henry,vestibulum.mauris.magna@yahoo.ca,(34) 77198-3754,Tempor Erat Foundation,2020-02-25 18:10:19
E763CA2E-2A36-344B-D22D-D09BF3CA1D2E,Desirae Fisher,amet.nulla.donec@icloud.com,(55) 69799-3275,Massa Suspendisse Associates,2020-02-26 18:00:20
C0E9A24C-8134-7692-3519-864DB17614B3,Jorden Clay,sed.leo@protonmail.couk,(45) 49651-2976,Pede Ltd,2022-12-07 18:54:11
7755A7CE-4960-84A9-B137-BE651A987817,Gage Jones,tincidunt.vehicula@hotmail.couk,(46) 67763-8957,Amet Lorem Corporation,2020-03-20 22:35:44
F59A12F5-453A-88CA-2B45-6D3410E521AC,William Pierce,lorem.donec@aol.com,(43) 29186-4624,In Mi Institute,2019-09-15 15:55:48
631641D1-7B71-07BB-CC77-C68872263E71,Keefe Navarro,ut.cursus@hotmail.edu,(33) 66847-6170,Suspendisse Dui Fusce Corporation,2022-09-13 05:36:17
2BF5766F-A754-C68B-313A-72F14C3D54EC,Jada Little,in@google.edu,(85) 23585-1544,Eget Odio LLP,2019-06-14 00:06:33
C87FCAC3-13B6-586A-A2BC-38DFB9EC52CA,Sonya Watson,pede.et@outlook.net,(91) 11731-5220,Hendrerit Consectetuer Cursus Ltd,2022-04-20 03:30:17
AD4E2097-21F6-3A70-7168-BB7A6CD7EEA3,Maya Gutierrez,sociis.natoque@icloud.net,(52) 41572-2438,Penatibus Et Magnis Corp.,2020-04-26 05:40:42
D6CB70CF-CD6A-54ED-DF11-E2726529AB9A,Carolyn Cantu,quisque.tincidunt.pede@yahoo.edu,(35) 76413-7706,Vel Lectus Ltd,2022-06-08 12:47:48
5EB88569-964C-AB26-DEA4-985EE395DEF0,Jesse Chase,duis.mi@outlook.net,(13) 34618-3574,Curabitur Egestas LLP,2019-07-28 15:48:50
9C2191D6-AD4C-19B7-C5F6-1826C006692B,Margaret Glover,vitae.velit.egestas@yahoo.couk,(86) 65798-8835,Donec Est Ltd,2022-11-11 18:49:23
6B320B87-6F2C-8297-6C7D-E74144696839,Chadwick Richmond,aliquet.phasellus.fermentum@aol.edu,(11) 41678-7061,Et Ltd,2019-02-09 14:53:49
7D79B1C9-112E-A79E-C5FA-414F31D61737,Armando Berg,arcu@yahoo.org,(22) 16667-2955,Tristique Neque Venenatis Institute,2020-08-03 03:27:09
824399C4-4B75-EE1D-66CC-74E6AEBE2407,Jolene Osborn,cursus.et@outlook.net,(60) 16427-7106,Turpis PC,2021-04-01 10:39:04
3149AE44-B7C7-E661-ABA5-F1CAB1173DB9,Pandora Weaver,sed@outlook.com,(55) 58227-8627,Risus Odio Auctor Institute,2021-10-26 18:16:50
A2685DDC-DCB6-D813-A142-5718B4893D5D,Xavier Ayers,varius@outlook.net,(87) 82267-7524,Curabitur Massa Ltd,2021-07-23 04:25:07
1D8B9F4B-E697-0907-C34F-C85A165D181A,Ifeoma Hampton,posuere.enim@icloud.net,(24) 40826-2337,Nunc Corp.,2018-04-29 19:48:32
0DB6ABB3-7934-DDCC-5E14-BD649B83E4B7,Ezekiel Joyner,lacus.mauris.non@hotmail.com,(10) 50594-0188,Fringilla Est Mauris LLP,2019-11-15 23:35:18
D2E8DDA7-1C5D-C50A-0DBB-65199F63E62A,Dylan Young,elementum.at.egestas@aol.org,(75) 30330-1131,Ut Company,2022-08-27 22:01:45
11B085B6-F2DF-B14F-E43E-99815E870183,Isaac Ramsey,blandit.mattis@icloud.com,(35) 14684-8832,Sit Consulting,2021-07-17 19:45:44
452D8BB1-35BB-B63D-C106-FB19A559246B,Bruce Walsh,sed@outlook.edu,(02) 72487-8887,Tempor LLP,2021-10-18 10:36:35
6756A620-1D75-A296-E7E8-12A3D06ED108,Nerea Clarke,mi.felis.adipiscing@yahoo.ca,(18) 62781-3046,Lorem Foundation,2020-01-25 04:17:23
B89F4737-8EF3-C936-69F9-84161A1E853A,Fleur Blanchard,tincidunt.adipiscing@yahoo.net,(88) 63446-9661,Curae Inc.,2020-06-12 08:18:16
A320E3A8-458A-4784-915D-18C479CEA8E5,Yetta Bryan,luctus.curabitur@outlook.ca,(49) 71540-6772,Sagittis Lobortis Associates,2022-08-23 13:06:53
F07581DE-EE20-28EC-AA24-E378E3EE1A99,Grant Dickson,pellentesque.tellus@icloud.com,(22) 52602-8333,Ut Cursus Institute,2018-12-12 17:38:04
E1D04721-47EC-04F8-3AB3-C1D99C3D5E69,Jakeem Bullock,libero.nec@yahoo.com,(33) 71221-1142,Eu Metus In Incorporated,2023-01-09 21:21:44
7A567C8F-E835-AD97-9916-F79369686320,Jena Mckinney,egestas.blandit@google.ca,(77) 16569-3779,Enim Mauris Foundation,2022-11-27 13:08:47
EE4598E6-1DAE-BE30-8AF3-BAC28566DB43,Ursa Williams,risus.quisque.libero@outlook.edu,(70) 81313-6615,Felis Company,2018-07-21 23:48:02
91A52D19-189F-3669-2879-865261B3471E,Jaden Sexton,scelerisque.dui.suspendisse@yahoo.org,(71) 89964-7053,Sem LLP,2019-08-10 13:45:52
135E680C-BA7C-99B5-D80B-74846794D90E,Arsenio Rivas,nulla@outlook.ca,(31) 82218-0762,Sollicitudin Commodo Ipsum Ltd,2022-01-25 21:37:02
C2EB0F14-A83B-399D-D17A-60255E1ECBAC,Hilel Ray,id.enim.curabitur@protonmail.org,(66) 16633-6355,Luctus Industries,2022-01-10 04:09:53
E15E4E32-796F-F04C-68DB-2DEF48B97297,Damon Suarez,commodo.ipsum@aol.edu,(57) 92178-6832,Nisi Aenean Eget Corporation,2022-12-21 23:26:02
C2277877-399C-EA6D-55DC-537CC998A685,Anthony King,lectus@protonmail.ca,(13) 65616-6991,Nec Inc.,2021-09-05 17:39:39
FFF3D3FB-EB42-83D4-9B85-D5DC252074AE,Sage Giles,elit.pretium.et@hotmail.couk,(28) 85164-2388,Amet Luctus Foundation,2022-01-04 23:12:21
32D120B7-8BD9-7487-4B8B-D62295D0DC5D,Sonia Carney,dui.in@icloud.ca,(12) 78182-6628,Et Ipsum Foundation,2022-07-07 09:01:17
9888A1BE-3E84-352C-02F9-C396BF74C969,Mohammad Knox,congue.a@icloud.com,(46) 34868-7714,Pretium Aliquet Corporation,2019-12-29 07:02:19
D59F4DEA-F1C7-D1FE-6B1B-DE9DD9597522,Maris Gardner,varius.et.euismod@yahoo.ca,(63) 18805-9267,Posuere Cubilia Industries,2021-10-23 04:47:23
7343B898-C859-51BD-3901-D2D433CA83DC,Desiree Marsh,diam.duis@google.net,(05) 17959-6819,Tellus Institute,2022-08-05 14:43:36
4BA9A33E-CC2A-BF07-1693-3262A38D48E2,Blossom Wallace,in.mi.pede@hotmail.org,(69) 12477-1510,Elit Fermentum Corporation,2020-06-15 08:23:06
505A5E3A-A65F-92AE-BC1C-5EEC7E9C321A,Keefe Moss,mauris@outlook.net,(70) 78956-3341,Dictum Eu Foundation,2022-09-10 22:38:15
3ED5C1A3-95D6-AAF6-6B61-DDE265B9C710,Carla Hickman,ultrices.iaculis.odio@aol.com,(11) 18451-4052,Nec Leo Incorporated,2018-12-31 11:25:10
7EAEA9B5-5128-B190-09E3-434528CFE9E8,Martha Tillman,magna.sed@aol.org,(51) 91384-7652,Adipiscing Foundation,2022-08-23 19:22:37
C11EA845-9E16-9410-C24C-20DA7BD5DB81,Faith Tran,montes@google.com,(26) 86234-8322,Lobortis Tellus Inc.,2018-12-30 09:09:36
40EE3BD2-DC8D-110D-14C9-614E35E5E277,Rigel Whitley,convallis.in@google.couk,(36) 29271-6815,Sed Diam Corp.,2021-01-23 20:27:10
9E3EC263-1799-C2E2-44FA-85703B8EA111,Ferris Gilbert,erat@google.ca,(65) 18327-6580,Lectus Sit Incorporated,2019-06-28 22:25:53
E9ABF84A-910E-71D0-C0E6-4A80618B0303,Orla Lloyd,nunc.sollicitudin.commodo@aol.net,(67) 52591-3148,Nec Orci Associates,2020-06-18 01:06:15
AC779E26-EF9D-EEB1-E16C-3E4F47E97E1B,Emi Adkins,rutrum.lorem.ac@yahoo.ca,(28) 61837-4756,Nulla Cras Eu Industries,2022-09-29 17:57:02
81AC2262-6BED-376B-4929-D704092315D1,Sophia Bradford,pede.praesent@aol.com,(11) 65735-1621,Dui Nec Associates,2021-05-22 21:53:36
562D518C-AB38-5CEE-4AE6-7FC434A6CCD8,Phoebe Mclaughlin,a.facilisis@google.org,(11) 79827-3505,Blandit Foundation,2022-07-27 17:39:35
70E0AAE9-42AA-697B-543E-63279A9A35DD,Meredith Underwood,vehicula.risus@yahoo.couk,(58) 50170-3642,Nibh Vulputate Industries,2022-02-10 04:32:19
3E8B85D8-9993-C922-C294-40A906822D8E,Anastasia Meyers,facilisi@icloud.org,(36) 33882-8325,Quis Diam Luctus Company,2019-05-15 07:00:18
70A426DC-EDEE-E85A-183D-87DBE69F0391,Philip Joseph,ante.bibendum@yahoo.org,(28) 82031-3675,Auctor Inc.,2021-09-08 07:16:07
E46D65D1-52C5-21CA-2DFB-FC7C270BE7A9,Kermit Whitley,ut.lacus@google.edu,(35) 21185-5023,Neque Nullam Incorporated,2020-03-02 23:47:24
E3558A39-9574-47A3-23AB-E967315539E6,Christian Little,laoreet.posuere@protonmail.net,(47) 26280-5145,Hendrerit Corporation,2020-08-23 19:12:03
053D88DC-8825-45A9-758D-BED59175A433,Boris Nixon,ut@icloud.couk,(34) 47284-5647,Tristique Pellentesque Tellus Associates,2019-04-17 13:20:56
D0329823-49E2-1EC0-CB0B-5C44641BE7A4,Joelle Melton,litora.torquent.per@outlook.edu,(60) 15681-2245,Posuere Cubilia Inc.,2021-01-17 22:26:20
6DDCFB47-F314-5381-6552-8419B911D11E,Cruz Herman,fusce.aliquam.enim@aol.ca,(37) 04534-1496,Dictum Sapien Company,2020-01-31 07:58:01
EE3A8C0B-12D3-5533-A460-EB92711146D8,Connor Drake,ac.urna@icloud.net,(39) 25436-2307,Magnis Dis Inc.,2023-01-12 01:08:56
2F1D9301-CD09-C02B-5FC3-7CEBA29D5779,Jasmine Olson,fringilla.euismod@aol.org,(01) 36212-5617,A Foundation,2019-02-14 20:30:37
07B4722E-6549-096D-F667-73BBB5C55CE3,Clio Bradshaw,morbi.metus@google.couk,(63) 52042-7508,Auctor Foundation,2022-02-04 04:33:05
E48DBBE4-6323-021D-5C19-66FC1CDB9DC7,Angela Stewart,nunc@outlook.ca,(72) 91118-6358,Duis Cursus Diam LLC,2020-11-08 17:07:49
1D890DEE-105C-FF82-5DAA-8C2CCAC777C9,Amy Mcdaniel,vitae.sodales@protonmail.couk,(73) 32818-6821,In Corp.,2021-10-16 23:49:07
1AD87C64-CB98-E55B-9A6B-8024A01AAC24,Armand Mcbride,eu@google.couk,(60) 86223-2140,At Inc.,2018-04-06 04:30:04
DE3FD770-CD3B-E257-E418-9CCA7FDC64DA,Shelly Bryan,netus.et@icloud.org,(32) 71806-2272,Tempor Est Corp.,2020-09-19 18:58:49
B6CA72A9-5578-5922-4185-5D9E417B4E58,Buckminster Paul,cursus@outlook.edu,(16) 45606-7721,Dapibus Rutrum Company,2018-09-17 01:00:22
817CCA98-D8F2-B9C5-786B-D33BD51E2824,Abbot Rogers,mi.ac@hotmail.ca,(28) 14155-0106,Ut Pharetra Foundation,2019-06-11 01:50:20
5C9C1A97-B934-649C-1DA5-667BEEB633AC,Pascale Potter,dignissim.lacus@yahoo.net,(23) 66382-3307,Aliquam Rutrum Inc.,2022-10-22 00:58:06
5EE3E966-8CC0-AB37-659C-3A1E1BB5AAFF,Otto Burt,amet.metus@google.edu,(58) 90758-2155,Nec Euismod In PC,2022-02-11 23:43:21
74F09953-5152-30B1-591C-EB93B8A42CC4,Alvin Ellis,et.magnis@yahoo.org,(63) 30885-3224,Vulputate LLC,2022-09-22 22:44:04
0C978E94-AED4-B98B-C330-D4D66CFA48E7,Jackson Holt,sagittis.semper@icloud.org,(77) 16932-5788,Laoreet Posuere Enim Company,2019-10-11 12:49:00
6683BA02-5BA2-8481-4D17-B9CD6B0DC96C,Serina Decker,diam.proin.dolor@outlook.ca,(22) 73227-6988,Ut Pellentesque Incorporated,2018-04-17 04:37:43
B5C2C5DC-C355-2DD5-97E6-A52B50F7F8C6,Alisa Conway,nibh.lacinia.orci@aol.net,(39) 47649-3317,Semper Tellus Company,2020-04-01 23:06:14
7FBD955C-483B-252A-F4D4-6968AB73FD1A,Rhea Byers,sed.malesuada.augue@icloud.ca,(60) 83576-7461,Maecenas Mi Limited,2019-09-23 03:06:51
2164CE3B-6E5D-5DC1-C109-5EB57C29A6BD,Simone Wise,erat.nonummy@icloud.net,(21) 01363-4714,Eros Nec Incorporated,2021-07-22 14:20:40
B64C76A8-BC52-A57F-68FF-28B173A445B7,Rogan Duke,sem@outlook.ca,(52) 41227-4361,Volutpat Nunc Limited,2018-11-11 01:23:28
8D81FDC1-A839-4BEC-3543-93789EAC9C19,Irma Nash,sed.id@aol.ca,(58) 43153-8138,Elementum Sem Vitae Associates,2020-07-02 00:07:59
2648652F-4F48-585A-6845-5946B22C333D,Karly Rich,auctor.mauris@aol.couk,(11) 71225-4841,Id Nunc Foundation,2021-09-11 21:50:25
10625D2D-CC30-3143-5F38-C915325CAEF3,Althea Ford,urna.nullam.lobortis@protonmail.ca,(41) 28418-1023,Odio Vel Institute,2021-09-26 22:26:55
16D34AAE-E410-DA2E-2835-13B3F6AB1DC0,Macy Marshall,tellus.eu@aol.com,(18) 21574-4272,Nunc Corporation,2021-07-03 03:22:22
5C627C24-21F8-6CEC-268B-7B2259F4EA73,Kimberly Wilkinson,at.sem@icloud.org,(01) 75870-3756,Arcu Vestibulum Industries,2020-10-06 05:21:51
5428B5DC-E075-BADE-35D1-3885C3A52286,Hoyt Meyer,metus.urna.convallis@aol.edu,(92) 20640-7288,Donec Est Nunc Foundation,2021-01-07 03:07:07
E360AE58-8276-4D33-DABE-6D2B77B7C958,Rebecca Christian,porttitor.tellus@protonmail.ca,(31) 52925-0854,Quisque Libero Lacus Company,2021-08-18 10:32:11
59C40B8E-22EB-5E91-BEEB-7B2FA79A3BC4,Aline Cunningham,nunc@protonmail.edu,(33) 87086-7285,Integer Tincidunt Aliquam Ltd,2022-06-16 18:24:35
34375AA7-CC1D-656E-C7C7-DA167DE37549,Felicia Stanton,integer.aliquam@yahoo.ca,(05) 44466-2934,Risus A Consulting,2020-06-29 13:50:34
7C6563DA-4622-144A-36B7-38E98BD3431A,Gary Payne,semper.pretium@yahoo.org,(37) 52539-7741,Massa Mauris PC,2020-07-16 23:00:40
16A8BDA7-1C95-576D-BEB5-35EA8D022389,Florence Conway,a.enim@hotmail.net,(20) 73315-6112,Eleifend Non Institute,2020-07-13 03:46:31
3AB7B4AF-FD15-ADD0-CE27-92EB811CE498,Paul Pugh,aliquam.erat@yahoo.com,(35) 64222-4175,Suspendisse Non Institute,2018-07-16 13:38:37
BED28319-81A3-5ED7-2E73-1E55A6A67695,Wilma Velasquez,urna.nec@hotmail.net,(87) 54661-5198,Non Magna Limited,2020-02-08 19:40:46
D7466B86-31C7-D352-DB1E-B0FA16055D64,Nasim Riggs,ac.nulla@google.org,(75) 89773-5224,Parturient Montes Industries,2020-11-20 07:29:50
38C6FC02-53B7-08E8-D54E-C9DAC5635987,Judah Medina,lorem.ac.risus@yahoo.edu,(35) 93316-8842,Faucibus Id Industries,2021-10-23 16:14:22
4553461E-B3A2-A206-5B35-A7D54C2C21B6,Garrison Harper,eu.elit@google.couk,(51) 33711-4741,Laoreet Inc.,2022-10-24 06:06:23
6EBD4F75-2FFE-6961-E9D8-33C85E9BEBA9,Grady Lloyd,orci@hotmail.couk,(83) 45552-4681,Adipiscing Ligula Aenean PC,2022-12-16 07:12:55
5785162A-4A6D-AED7-3468-BF799ABF3178,Levi Mccarty,nulla.semper@aol.ca,(54) 63114-1571,Eu Tempor Inc.,2020-03-28 09:54:40
2A6EA62D-8A4C-8022-2EC3-887CFBA9CF26,Jermaine Gaines,amet.faucibus@protonmail.ca,(48) 68697-0520,Convallis Dolor Consulting,2021-09-03 09:03:41
92B52A57-BC92-EA1E-38E5-F3DAE944E485,Warren Noble,nec.tempus@google.com,(94) 38815-1551,Ultricies Ligula Nullam Industries,2022-07-30 17:26:39
AC244675-C2D2-0629-AFC9-12625D594923,Rachel Brady,pharetra.quisque.ac@aol.com,(17) 12497-2279,Velit In Consulting,2019-04-01 15:58:57
A3633311-1EAB-74BA-4C62-C7E5787A15CC,Melissa Marsh,laoreet.ipsum@google.edu,(80) 21694-9334,Lacus Aliquam Rutrum Inc.,2019-03-02 11:16:30
36CE252A-9BD0-8D61-599C-DCA3DED23707,Chelsea Raymond,nam.interdum@outlook.couk,(15) 82866-8814,Mi LLC,2018-09-23 16:07:38
33024483-3AD4-D80D-4DC3-843572FA7579,Jason Woodward,tortor.integer@hotmail.couk,(86) 61286-2220,Tincidunt Aliquam Arcu PC,2019-08-15 15:08:35
153CB72C-8714-7447-A792-7B55384CB769,Cailin Mercado,nec.leo@icloud.couk,(43) 06200-4252,Non Enim Commodo LLP,2020-09-05 21:48:12
55B4369B-6A84-E723-8818-1446E528BAAB,Clayton Woodard,sed@yahoo.ca,(62) 24504-3166,Eu Ligula Consulting,2020-02-10 22:53:51
E451F8D4-6E8E-EDD0-1B5D-90B631C4DAB6,Nina Whitaker,egestas.aliquam.nec@aol.net,(14) 32689-7111,Gravida Non Sollicitudin Limited,2019-04-10 09:57:07
70E29211-5CBD-F9B6-2257-7C48E9EC73E2,Kessie Spears,auctor.odio@yahoo.com,(06) 18760-9324,Mi Enim Condimentum Institute,2021-09-01 12:37:24
BB553292-230E-3B12-D79C-78F7EA8D4E1C,Moses Rodgers,ornare.lectus@protonmail.org,(33) 82256-9911,Nec Ante Company,2018-06-25 11:10:23
C853D0CD-398B-3166-D89E-2D178CD7A4E6,Ali Carlson,enim@aol.net,(13) 36828-8291,Urna Justo Corporation,2021-06-01 17:55:27
E1D69C9B-D7C5-2327-7B5E-20B9886421BD,Nero Stark,semper.dui@outlook.edu,(60) 87256-2113,Quisque Consulting,2020-06-22 02:15:12
6D72CBC0-3C76-7BE8-D743-716AF942DE82,Alden Roth,convallis@aol.edu,(11) 76538-7138,Sociis Natoque Industries,2020-09-12 09:02:54
D12FE83A-4EF3-E2C9-1744-EE7252E826D6,Reuben Kirby,lacus.aliquam@icloud.org,(68) 23250-7235,Scelerisque Dui Associates,2020-12-05 18:21:13
9E7B2965-9E53-8A3C-CAA2-70DD2646EB61,Nita Bentley,est.vitae@google.net,(29) 46358-1167,Quis Accumsan Convallis Corp.,2018-11-13 12:01:44
65220FEC-9989-67B6-53B0-F8149598A656,Shelley Hutchinson,duis@outlook.couk,(33) 55001-1958,Vel Faucibus LLC,2018-11-07 11:39:33
9891A6C9-DC62-65F1-8BFA-76DF3A1B1BC2,Jorden Fox,libero@aol.edu,(03) 37628-8444,Lorem Institute,2020-03-08 11:25:14
A83731CB-2808-DC50-CD27-E53E9D5CA2ED,Len Hodges,donec@protonmail.org,(74) 45390-5242,Tincidunt Donec Limited,2022-12-09 05:53:38
DDE32780-C3CC-42C9-10E2-A316C88EE998,Martha Clayton,fringilla.purus@hotmail.com,(86) 25358-3681,Nec Consulting,2022-05-30 13:28:35
00EDA0D7-6DDC-80A3-EEB7-5868243C18D4,Maggy Dunlap,cras.vulputate@hotmail.couk,(52) 43375-2729,Hendrerit Neque In Industries,2020-02-14 09:30:09
642233B4-AE65-AA78-F346-833FA57AFA0D,Graiden Wilder,pede.malesuada@protonmail.edu,(52) 65054-7576,Lorem Ut Corporation,2020-02-24 15:47:07
0E6AC0D6-55AC-AEE6-4676-462B457D2956,Hop Winters,dolor.vitae.dolor@icloud.com,(14) 52665-8335,Imperdiet Non Vestibulum LLP,2019-07-23 16:27:50
895C6AE7-F4E7-317E-2824-AEF86DA29EDC,Irene Nixon,ac@hotmail.org,(97) 47020-2567,Luctus Ipsum Corp.,2022-07-02 12:57:34
6CB46712-3937-5393-4B23-2DD36484185B,Nash Young,augue@yahoo.edu,(31) 79796-8806,At Velit Ltd,2022-08-11 19:11:31
29F336AB-6EAC-DBC0-3455-778A596FE869,Illiana Branch,nunc.ullamcorper@yahoo.edu,(85) 76351-9424,Mauris Industries,2019-12-03 05:13:07
1977EA92-2EC1-B952-9D72-D2B8FD9022E7,Camden Finley,vitae.odio@hotmail.org,(56) 64525-5590,Aliquet Lobortis Limited,2022-10-28 21:06:19
17DFCE47-C1EA-45A6-A969-E6A554E31951,Porter Day,hendrerit.a@google.edu,(01) 38588-1887,Et Institute,2018-12-10 17:44:15
D5504B33-B318-3DEA-AEE0-573A2D4B32D4,Yardley Valencia,semper@google.net,(78) 01362-8134,Donec Dignissim Magna Corporation,2022-06-23 10:41:40
C43D52B3-1549-E2EB-B846-51A846B8DE34,Angelica Norris,tellus.lorem@yahoo.ca,(65) 05051-5215,Feugiat Lorem Ipsum Associates,2021-02-25 02:29:07
2A212A47-8D8C-EF63-34BE-94222A4174F1,Lewis Barr,aliquam@hotmail.org,(47) 61632-5107,Blandit Viverra Incorporated,2020-11-17 16:41:20
ACF387B8-71C8-4A57-9EDC-B3196A3ABF13,Chelsea Cantu,sem@google.ca,(67) 32777-3035,Id Nunc Interdum PC,2019-07-21 01:01:39
B6146CBE-5BA3-4448-8855-422231930558,Eliana Lyons,ut.cursus@protonmail.com,(21) 15120-3987,Lorem Fringilla Foundation,2020-04-20 17:30:31
F74269A7-2798-C53A-00D1-119382886D95,Joshua Tyson,purus.gravida.sagittis@outlook.ca,(45) 20333-1871,Ligula Limited,2018-12-18 10:58:42
D8406DF5-D2BB-8377-AE58-4754387A5672,Wilma Bond,ligula.eu.enim@yahoo.com,(32) 32275-5613,Lectus Pede Ultrices Corp.,2021-08-25 23:55:13
8FA1688F-354D-FD5D-B185-1DE946D8A3D2,Bethany Burton,cras@icloud.com,(38) 79314-6632,Auctor Corp.,2022-11-10 13:24:34
7F28A7E9-5B5E-3553-2A84-10AEFD4992A9,Lael Ashley,nibh.vulputate@protonmail.net,(59) 27988-2305,Luctus Curabitur LLP,2020-10-05 20:56:05
E5A11658-39BB-B6D1-224B-B9D1944DA39B,Amaya Carson,nunc@protonmail.ca,(83) 14632-1453,Eu Tellus PC,2018-11-29 13:16:42
CAE7E802-209E-8ADB-D7BE-5A07E9AF59AE,Lois Maddox,nibh@yahoo.org,(84) 60112-1147,Hymenaeos Mauris Inc.,2019-03-12 08:56:50
72E440F4-55CE-E819-9E09-DEE8DACDB86F,Veda Mcclure,quisque.ornare@hotmail.couk,(11) 61743-1330,Blandit Mattis Ltd,2020-07-07 01:42:41
CE462F9B-6E30-6292-7CED-481EAE841398,Forrest Simpson,ligula.eu@hotmail.org,(26) 72658-3338,Cursus Et Magna Foundation,2018-07-13 10:05:32
